user_text,catalog_description,id_articulo,frequency,last_used_month
100x500 de hierro upn,"ML UPN 100 HIERRO (10,87KG/M)",ART-6e4008cdd0,1,2025-03
taco fischer de 10,TACO 10 PLASTICO 4 SEGMENTOS,ART-fb9d671f81,1,2025-03
tirafondo de 8,TORNILLO GOLOSO 8*50 CABEZA HEXAGONAL DIN571,ART-b5c2f41f33,1,2025-03
tuerca metrica 8,TUERCA M8 ZINCADO DIN 934,ART-4acbffb020,1,2025-03
te galva 1,TE 11/2 GALVA,ART-4951928ad8,1,2025-03
te inox 316 de 60,"TE 60,3 (2) INOX316L ISO",ART-b7677ad31b,1,2025-03
perfil 5050x2 hierro,"ML CUADRADILLO 50*50*2 HIERRO (3,13kg/m)",ART-6aa30e8db0,1,2025-03
te dn50 inox,TE DN50 Ø53 INOX PULIDO 316L ALIMENTACION DIN,ART-5207a642d1,1,2025-03
metro de carril strut 41x21,UD CARRIL PERFORADO 41/21*2000 GALVANIZADO  E2,ART-9c6bf57339,1,2025-03
metro de carril strut 41x41,UD CARRIL PERFORADO 41/41*2000 GALVANIZADO  E2,ART-bc320d35c6,1,2025-03
taco expansivo metrica 10 laton,ANCLAJE HEMBRA M10*40 C/ REBORDE,ART-d75459f076,1,2025-03
tuerca metrica 10,TUERCA M10 ZINCADO DIN 934,ART-1200ab490c,1,2025-03
varilla roscada metrica 10,VARILLA ROSCADA M10 ZINCADO DIN 975,ART-8c311a8025,1,2025-03
arandela metrica 10,ARANDELA M10 ZINCADO DIN125,ART-24bd791bce,1,2025-03
aluminio para calorificar,"ML RECUBRIMIENTO ACABADO 33 30MM 0,6 ALUMINIO",ART-026f670cf1,1,2025-03
codo 22 inox prensar 90 mh,CODO 22 INOX PRENSAR 90 MH,ART-374a7adc47,1,2025-03
codo mixto 2234 inox prensar 90 h,CODO MIXTO 22-3/4 INOX PRENSAR 90 H,ART-c30407b0e8,1,2025-03
cana dharmaflex autoadesiva de 19mm,ML COQUILLA 28*19 CAUCHO AUTOADHESIVA (48),ART-93ddf4e566,1,2025-03
electrovalvula de media de vapor para monvaque mutilva,ELECTROVALVULA 1/2 P/ VAPOR BURKERT 6407 220V N. C.,ART-ecfa17f333,1,2025-03
fibra de 40 milimetros,ML COQUILLA 1*40 (12) FIBRA DE VIDRIO NO REVESTIDA REF. 520025 M,ART-c139cfa36a,1,2025-03
manguito 22 inox prensar h,MANGUITO 22 INOX PRENSAR H,ART-16413fb2b5,1,2025-03
te 3 octavos inox,TE 3/8 INOX ROSCAR,ART-39d71348c5,1,2025-03
te de 20 pvc presion,TE 20 PVC PRESION 90º,ART-d6a6e48894,1,2025-03
te de 28 inospres,TE 28 INOX PRENSAR,ART-a4cecdf496,1,2025-03
te inox roscar de media,TE 1/2 INOX ROSCAR,ART-bc2da1cf78,1,2025-03
te inox 34 roscada,TE 3/4 INOX ROSCAR,ART-a53747a5f8,1,2025-03
te media inox roscada,TE 1/2 INOX ROSCAR,ART-bc2da1cf78,1,2025-03
te forjado de 2 pulgadas,TE 2 FORJADO,ART-3d1293023a,1,2025-03
te 282228 inospres,TE RED 28-22-28 INOX PRENSAR,ART-46266859f7,1,2025-03
upn de hierro de 100,"ML UPN 100 HIERRO (10,87KG/M)",ART-6e4008cdd0,1,2025-03
abarcon de 2 pulgadas,ABARCON 2 60 M8,ART-cfc0d3cbac,1,2025-03
abarcon de 3 pulgadas,ABARCON 3 90 M8,ART-878f745315,1,2025-03
abarcon de 4 pulgadas,ABARCON 4 115 M8,ART-1c99ae0fc1,2,2025-03
abrazadera 1 pulgada y media,ABRAZADERA REFORZADA 48 11/2 INOX M8/10,ART-9d30d13bf5,1,2025-03
abrazadera clamp dn50 inox,"ABRAZADERA CLAMP DN50,2 (50,8) INOX304 ALIMENTACION",ART-1394bd7ea0,1,2025-03
abrazadera fuerte 4 pulgadas,ABRAZADERA 110 REFORZADA M8/10,ART-7d3b162b72,1,2025-03
abrazadera fuerte de 2 pulgadas,ABRAZADERA 60 2 REFORZADA M8/10,ART-ff72b44d27,1,2025-03
abrazadera fuerte de 3 pulgadas,ABRAZADERA 90 3 REFORZADA M8/10,ART-7d63afd7d6,1,2025-03
abrazadera isofonica de 48,ABRAZADERA ISOFONICA 48 11/2 REFORZADA M8/10,ART-66447821a4,1,2025-03
abrazadera isofonica diametro 110mm,ABRAZADERA ISOFONICA 110 REFORZADA M8/10,ART-8893c978f8,1,2025-03
abrazadera reforzada 2 pulgadas,ABRAZADERA 60 2 REFORZADA M8/10,ART-ff72b44d27,1,2025-03
abrazadera 160,ABRAZADERA REFORZADA 160 6 INOX M8/10,ART-e62b24c1c2,1,2025-03
abrazadera 18 isofonicas,ABRAZADERA ISOFONICA 18 3/8 REFORZADA M8/10,ART-28478359e9,1,2025-03
abrazadera inox de 12,ABRAZADERA DN10-15MM SOPORTE INOX304 ALIMENTACION DIN,ART-399e488cf0,1,2025-03
abrazadera isofonicas de diametro 35,ABRAZADERA ISOFONICA 35 1 REFORZADA M8/10,ART-e614021cca,1,2025-03
abrazadera isofonicas diametro 60mm,ABRAZADERA ISOFONICA 60 2 REFORZADA M8/10,ART-d2a26334f2,1,2025-03
abrazadera puzzle de 15,ABRAZADERA PUZZLE 15 INOX,ART-5c25158225,1,2025-03
abrazadera sin fin 5070,ABRAZADERA SIN FIN 50-70,ART-86fef07f6a,2,2025-04
actuador neumatico para dn50,ACTUADOR NEUMATICO DOBLE EFECTO 9461 P/ VALVULA ALIMENTACION,ART-9586b011b2,1,2025-03
alargador macho hembra 15 inox,MANGUITO 1/2 LATON MH,ART-0960295ae7,1,2025-03
aluminio de 54 en 40,"ML RECUBRIMIENTO ACABADO 54 40MM 0,6 ALUMINIO",ART-7600dc129d,1,2025-03
aluminio de 104 en 40,"ML RECUBRIMIENTO ACABADO 104 40MM 0,6 ALUMINIO",ART-4f427e4a64,1,2025-03
aluminio de 3 pulgadas en 40,"ML RECUBRIMIENTO ACABADO 89 40MM 0,6 ALUMINIO",ART-ee93d16955,1,2025-03
aluminio de 4 pulgadas en 50,"ML RECUBRIMIENTO ACABADO 104 50mm 0,6 ALUMINIO",ART-8ce100f59f,1,2025-03
aluminio de 4 pulgadas en 50,"ML RECUBRIMIENTO ACABADO 114 50mm 0,6 ALUMINIO",ART-67c919df91,2,2025-03
aluminio de 40 milimetros,"ML RECUBRIMIENTO ACABADO 33 40MM 0,6 ALUMINIO",ART-f11233c8d6,1,2025-03
aluminio de 40 milimetros,"RECUBRIMIENTO ACABADO CONO 33 40MM 0,6 ALUMINIO",ART-0f0f293388,1,2025-03
aluminio de 40 milimetros,"RECUBRIMIENTO ACABADO CURVA 33 40MM 90º 0,6 ALUMINIO",ART-f529b19311,1,2025-03
aluminio de 6 pulgadas en 50,"ML RECUBRIMIENTO ACABADO 168 50mm 0,8 ALUMINIO",ART-51951322e3,1,2025-03
aluminio de 6 pulgadas en 50,"ML RECUBRIMIENTO ACABADO 273 50mm 0,8 ALUMINIO",ART-ea05e1b82b,1,2025-03
anclaje macho de metrica 10x120mm,ANCLAJE MACHO M10*120 HORMIGON,ART-eec9fda1d9,1,2025-03
anclaje hembra m10,ANCLAJE HEMBRA M10*40 C/ REBORDE,ART-d75459f076,1,2025-03
angular 20x20 inox,"ML ANGULO 20*20*3 INOX304 (0,89 KG/M)",ART-6bc4d62a5b,1,2025-03
arandela 16mm,ARANDELA M16 ZINCADO DIN125,ART-bef50e2d61,1,2025-03
arandela m16 zinc,ARANDELA M16 ZINCADO DIN125,ART-bef50e2d61,1,2025-03
arandela cincadas metrica 16,ARANDELA M16 ZINCADO DIN125,ART-bef50e2d61,1,2025-03
arandela m12 inox,ARANDELA M12 INOX DIN125,ART-a37950cc09,1,2025-03
arandela metrica 10 inox,ARANDELA M10 INOX DIN125,ART-044f3a447a,1,2025-03
arandela metrica 12 inox,ARANDELA M12 INOX DIN125,ART-a37950cc09,1,2025-03
arandela metrica 16,ARANDELA M16 ZINCADO DIN125,ART-bef50e2d61,1,2025-03
arandela metrica 20 zinc,ARANDELA M20 ZINCADO DIN125,ART-31a2a210f8,1,2025-03
balona de 304,"VALONA 88,9 (3) INOX304 ISO",ART-2fa350030e,1,2025-03
balona inox 4 pulgadas,"VALONA 114,3 (4) INOX304 ISO",ART-aac3d34682,2,2025-11
balona,"VALONA 48,3 (11/2) INOX316L ISO",ART-2a85bea0e4,1,2025-03
balona inox de 60,"VALONA 60,3 (2) INOX304 ISO",ART-2e94c6ee98,1,2025-03
barcon de 3 pulgadas,ABARCON 3 90 M8,ART-878f745315,1,2025-03
bisagra de 40x40,BISAGRA 40*40 LISA,ART-05c8dac219,1,2025-03
bobina de media galvanizadas de 120 milimetros,BOBINA 1/2*120 GALVA NIPPEL ROSCADO,ART-a891aefbf7,1,2025-03
bote pvc presion,PEGAMENTO PVC PRESION 1L SOLDADOR PQ,ART-0047b49522,1,2025-03
bote de cola contacto armaflex,BOTE PEGAMENTO 1LT P/ CAUCHO PQ,ART-f2a9da3b35,1,2025-03
bote de disolvente,DISOLVENTE 1L UNIVERSAL COLAMINA PQ,ART-9590b29fbf,1,2025-03
bote de imprimacion gris,"BOTE 0,75LT PINTURA IMPRIMACION KARTPRIMER GRIS COLAMINA",ART-7a27ee5619,2,2025-11
bote de pegamento,BOTE PEGAMENTO 1LT P/ CAUCHO PQ,ART-f2a9da3b35,1,2025-03
bote de pegamento de armaflex,BOTE PEGAMENTO 1LT P/ CAUCHO PQ,ART-f2a9da3b35,2,2025-11
bote de pegamento de pvc,PEGAMENTO PVC 1000 ML PINCEL,ART-dc4b3048fe,1,2025-03
bote de silicona neutra,SILICONA TRANSPARENTE 310ML CARTUCHO PQ,ART-1dac03211d,1,2025-03
bote de silicona transparente,SILICONA TRANSPARENTE 310ML CARTUCHO PQ,ART-1dac03211d,1,2025-03
bote pegamento caucho,BOTE PEGAMENTO 1LT P/ CAUCHO PQ,ART-f2a9da3b35,1,2025-03
bote de pegamento armaflex,BOTE PEGAMENTO 1LT P/ CAUCHO PQ,ART-f2a9da3b35,2,2025-03
bote de pegamento de 1 litro para caucho,BOTE PEGAMENTO 1LT P/ CAUCHO PQ,ART-f2a9da3b35,2,2025-06
bote de pintura imprimacion,"BOTE 0,75LT PINTURA IMPRIMACION KARTPRIMER GRIS COLAMINA",ART-7a27ee5619,1,2025-03
brazadera 22 m8 10 inox,ABRAZADERA REFORZADA 22 1/2 INOX M8/10,ART-b24b0d5f2e,1,2025-03
brazadera clam dn50 y nox,"ABRAZADERA CLAMP DN50,2 (50,8) INOX304 ALIMENTACION",ART-1394bd7ea0,1,2025-03
brida aluminio para balona de 88,"BRIDA DN80 ALUMINIO Ø88,9 PN16 DIN-2642",ART-23e1f3c84e,1,2025-03
brida ciega hierro dn100,BRIDA DN100 HIERRO CIEGA DIN2527 PN16,ART-97b3537d68,1,2025-03
brida hierro ciega dn50,BRIDA DN50 HIERRO CIEGA DIN2527 PN16,ART-e484aebc9e,1,2025-03
brida loca aluminio 4 pulgadas 114,"BRIDA DN100 ALUMINIO Ø114,3 PN16 DIN-2642",ART-32b5a1b38e,2,2025-11
brida aluminio de iso de dn50,"BRIDA DN50 ALUMINIO Ø60,3 PN16 DIN-2642",ART-e6fdd88056,1,2025-03
brida ciegas de hierro dn80,BRIDA DN80 HIERRO CIEGA DIN2527 PN16 (8 AGUJEROS),ART-1379c45127,1,2025-03
brida ciegas hierro dn100,BRIDA DN100 HIERRO CIEGA DIN2527 PN16,ART-97b3537d68,1,2025-03
brida ciegas hierro dn50,BRIDA DN50 HIERRO CIEGA DIN2527 PN16,ART-e484aebc9e,1,2025-03
brida ciegas inox de 2 pulgadas,BRIDA DN50 INOX304L CIEGA PN16 DIN-2527,ART-151f9ed905,1,2025-03
brida de 2 pulgadas negro,BRIDA DN50 HIERRO PLANA PN16 DIN2576,ART-76eddfa9b2,2,2025-11
brocha de 50,BROCHA Nº24,ART-699bfc147d,1,2025-03
brocha numero 18,BROCHA Nº18,ART-f080b05c8b,1,2025-03
brocha pequena,BROCHA Nº18,ART-f080b05c8b,1,2025-03
brocha,BROCHA Nº18,ART-f080b05c8b,2,2025-03
brocha 50 mm,BROCHA Nº24,ART-699bfc147d,1,2025-03
brocha del numero 18,BROCHA Nº18,ART-f080b05c8b,1,2025-03
brocha del numero 24,BROCHA Nº24,ART-699bfc147d,1,2025-03
brocha grandes,BROCHA Nº24,ART-699bfc147d,1,2025-03
brocha pequenas,BROCHA Nº18,ART-f080b05c8b,1,2025-03
buzo blancos talla l de usar y tirar,BUZO BLANCO DESECHABLE L POLIPROPILENO C/GORRO,ART-31f11d740c,1,2025-03
caja de cinta armaflex,ROLLO 15M CINTA 50MM AUTOADHESIVA COQUILLA CAUCHO,ART-1a140d91ec,1,2025-03
caja de cinta de armaflex,ROLLO 15M CINTA 50MM AUTOADHESIVA COQUILLA CAUCHO,ART-1a140d91ec,1,2025-03
caja de discos de corte diametro 125,DISCO CORTE 125*1 INOX,ART-a6eb81e703,1,2025-03
caja de electrodo de hierro de 2,"BRIDA NYLON 286MM NEGRA 4,8",ART-fba57d7f61,1,2025-03
caja de electrodo de hierro diametro 2,"PAQUETE ELECTRODO 2,5 HIERRO (4,6kg)",ART-606043eb27,1,2025-03
calor y fugado para tubo de diametro 168 en 40 milimetros,"ML RECUBRIMIENTO ACABADO 168 40MM 0,8 ALUMINIO",ART-6c6bf58eed,1,2025-05
calorifugado de aluminio para tubo de 1 14 en 40 de espesor,"RECUBRIMIENTO ACABADO CURVA 42 40MM 90º 0,6 ALUMINIO p/fibra",ART-b8a7589eaf,1,2025-03
cap 483 inox,"CAP 48,3 (11/2)INOX316L ISO",ART-2390440fc0,1,2025-03
carrete fundido bridas de dn100 de 300mm,CARRETE DN100 L=300 FUNDIDO EMBRIDADO,ART-a0be1dcecf,1,2025-03
carrete fundido bridas de dn100 de 400mm,CARRETE DN100 L=400 FUNDIDO EMBRIDADO,ART-92289c2df3,1,2025-03
carril perforado 4121 galvanizado,UD CARRIL PERFORADO 41/21*3000 GALVANIZADO  E2,ART-bd4b071951,1,2025-03
carril perforado de dos metros de 4921,UD CARRIL PERFORADO 41/21*2000 GALVANIZADO  E2,ART-9c6bf57339,6,2025-11
casquillo clam dn50 y nox,CASQUILLO CLAMP DN50 Ø53 INOX316L ALIMENTACION DIN,ART-4a9cdabf32,1,2025-03
casquillo dn25 inox,CASQUILLO DIN DN25 Ø29 INOX316L ALIMENTACION DIN,ART-3501f938ea,1,2025-03
casquillo dn50 inox,CASQUILLO DIN DN50 Ø53 INOX316L ALIMENTACION DIN,ART-d764f8a3fd,2,2025-11
casquillo dn80,CASQUILLO DIN DN80 Ø85 INOX316L ALIMENTACION DIN,ART-91f389f2c1,1,2025-03
casquillo reducido de pvc presion de 75 a 63,CASQUILLO RED 75-63 PVC PRESION MH,ART-4ec9f5ee1b,2,2025-06
casquillo reducido de pvc presion de 90 a 75,CASQUILLO RED 90-75 PVC PRESION MH,ART-d03782e7b3,2,2025-06
casquillo sms 25 inox,"CASQUILLO SMS 21/2 (63,5MM) INOX316L ALIMENTACION OD",ART-f1f2f2bad5,1,2025-03
centralizador de 100,CENTRALIZADOR 100*40*50,ART-4d116d479e,1,2025-03
cepillo para taladro inox,DISCO ALAMBRE 100*12*19 INOX,ART-64892a56bb,1,2025-03
chapa de aluminio de media pulgada x40,"ML RECUBRIMIENTO ACABADO 21 40MM 0,6 ALUMINIO",ART-5f9df10055,1,2025-03
chapa galvanizada de 250 x 300 de 2 mm,"M2 CHAPA 2 GALVANIZADA (16,49KG/M2)",ART-dc780a0eb8,1,2025-03
chapa inox,"M2 CHAPA 1,5 INOX304 MATE 2B (12KG/M2)",ART-76198205e1,1,2025-03
chapa inox 300x300x15 espesor,"M2 CHAPA 1,5 INOX304 MATE 2B (12KG/M2)",ART-76198205e1,1,2025-03
chapas de aluminio,CHAPA 1 ALUMINIO 2*1MT LACADA EN BLANCO UNA CARA,ART-f7d6233176,1,2025-03
cinta armaflex,ROLLO 15M CINTA 50MM AUTOADHESIVA COQUILLA CAUCHO,ART-1a140d91ec,1,2025-03
codo 2 pulgadas inox 316 schedule 10,"CODO SCH10 60,3 (2) 90º INOX316L",ART-a59f7c2c97,1,2025-03
codo 90 grados inoxpress macho hembra de 15,CODO 15 INOX PRENSAR 90 MH,ART-0ee5ebb5fe,1,2025-03
codo 90o inox macho hembra de 3 cuartos,CODO 3/4 INOX ROSCAR 90 MH,ART-965fe8fb2b,1,2025-03
codo 90o laton macho hembra de media,CODO 1/2 LATON MH,ART-f6042839b2,1,2025-03
codo de 1 pulgada de laton,CODO 1 LATON MH,ART-77cbc2e4bf,1,2025-03
codo de 45 grados hembra de 18 en inoxpress,CODO 18 INOX PRENSAR 45 H,ART-8ea4998241,1,2025-03
codo de 45 grados macho hembra de 18 en inoxpress,CODO 18 INOX PRENSAR 45 MH,ART-8aa21bd2bb,1,2025-03
codo de 90 grados hembra hembra de inoxpress de media,CODO 1/2 INOX ROSCAR 90 H,ART-213340439a,1,2025-03
codo de 90 grados inoxpress hembra hembra de 15,CODO 15 INOX PRENSAR 90 H,ART-5f3f1cb747,1,2025-03
codo de aluminio de una pulgada x40,"RECUBRIMIENTO ACABADO CURVA 33 40MM 90º 0,6 ALUMINIO",ART-f529b19311,1,2025-03
codo de diametro 22 de inox prensar de 90 grados,CODO 22 INOX PRENSAR 90 H,ART-79e014a3a4,2,2025-06
codo de diametro 40 de pvc blanco de 45 grados hembra,CODO 40 PVC BLANCO 45º HH,ART-0a4740744d,2,2025-06
codo dn100 inox,CODO DN100 Ø104 INOX PULIDO 316L ALIMENTACION DIN,ART-037121014a,1,2025-03
codo forjado de 2 pulgadas,CURVA 2 FORJADO 3R 90º,ART-6d93a1eaa7,1,2025-03
codo galva macho hembra de 90 grados de 3 pulgadas,CODO 3 GALVA 90 MH,ART-41cc270d8e,1,2025-03
codo hembra 3 octavos inox,CODO 3/8 INOX ROSCAR 90 H,ART-2782292ae2,1,2025-03
codo hembra hembra media negro,CODO 1/2 NEGRO 90 H,ART-3ec16c8e52,1,2025-03
codo inox 304 de diametro 33,"CODO 33,7 (1) INOX304 ISO",ART-5c138c0365,1,2025-03
codo macho hembra 2 pulgadas inox,CODO 2 INOX ROSCAR 90 MH,ART-a2d96cde7f,1,2025-03
codo macho hembra de media inox,CODO 1/2 INOX ROSCAR 90 MH,ART-f89f87ebaa,1,2025-03
codo macho hembra media inox,CODO 1/2 INOX ROSCAR 90 MH,ART-f89f87ebaa,1,2025-03
codo mixto inox macho 1 pulgada 28,CODO MIXTO 28-1 INOX PRENSAR 90 M,ART-4ea080b08f,1,2025-03
codo mixto media macho por 8 legris,CODO MIXTO 8-1/2 M rosca BSP LEGRIS,ART-c3d6f7a57d,1,2025-03
codo placa inoxpress hembra de media a 15,CODO PLACA 15-1/2 INOX PRENSAR H,ART-ce63aab74f,1,2025-03
codo polilaton mixto,CODO MIXTO 32-1 LATON POLIETILENO 90 H,ART-9c645c14a1,1,2025-03
codo union media macho hembra inox,TUERCA UNION 1/2 INOX ROSCAR MH,ART-eb44d68963,1,2025-03
codo 1 pulgada inox 316 schedule 10,"CODO SCH10 33,4 (1) 90º INOX316L",ART-162eb907ab,1,2025-03
codo 18 45 grados hembra hembra inospres,CODO 18 INOX PRENSAR 45 H,ART-8ea4998241,1,2025-03
codo 18 45 grados macho hembra inospres,CODO 18 INOX PRENSAR 45 MH,ART-8aa21bd2bb,1,2025-03
codo 18 90 grados hembra hembra inospres,CODO 18 INOX PRENSAR 90 H,ART-cd2373cc00,1,2025-03
codo 18 media hembra inospres,CODO MIXTO 18-1/2 INOX PRENSAR 90 H,ART-9fd22679c6,1,2025-03
codo 45 grados inox press diametro 28,CODO 28 INOX PRENSAR 45 H,ART-3ba9de4fe5,1,2025-03
codo 45 grados inox press macho hembra diametro 28,CODO 28 INOX PRENSAR 45 MH,ART-797d69324c,1,2025-03
codo 90 de 42 en inoxpress,CODO 42 INOX PRENSAR 90 H,ART-cc20a7d969,1,2025-03
codo dn25 inox,CODO DN25 Ø29 INOX PULIDO 316L ALIMENTACION DIN,ART-fafdc04120,1,2025-03
codo dn50 inox,CODO DN50 Ø53 INOX PULIDO 316L ALIMENTACION DIN,ART-52b9c8faca,1,2025-03
codo hilock de 12,CODO 10 90º INOX316 HIDRAULICO COMPRESION,ART-add0f8b75d,1,2025-03
codo r5 de 3 cuartos forjado,CURVA 3/4 FORJADO 5R 90º,ART-c20af61a52,1,2025-03
codo de 2 pulgadas negro,CURVA 2 FORJADO 3R 90º,ART-6d93a1eaa7,2,2025-11
codo de 50,CODO 50 PVC GRIS 45º HH,ART-fa7e4f2cf1,1,2025-03
codo de aluminio de media pulgada x40,"RECUBRIMIENTO ACABADO CURVA 21 40MM 90º 0,6 ALUMINIO p/fibra",ART-18f2f603d4,1,2025-03
codo de diametro 20 multicapa,CODO 20 MULTICAPA,ART-c3ea910106,1,2025-03
codo de media inox 316 schedule 10,"CODO SCH10 21,3 (1/2) 90º INOX316L",ART-d8e60ad662,1,2025-03
codo forjados 1 pulgada,CURVA 1 FORJADO 3R 90º,ART-c7263f2ede,1,2025-03
codo hembra inox 1 pulgada,CODO 1 INOX ROSCAR 90 H,ART-8f4758abcd,1,2025-03
codo inox 304x4 pulgadas,"CODO 114,3 (4) INOX304 ISO",ART-43efbd74a7,2,2025-11
codo inox diametro 114,"CODO 114,3 (4) INOX304 ISO",ART-43efbd74a7,1,2025-03
codo inox diametro 114 calidad 304,"CODO 114,3 (4) INOX304 ISO",ART-43efbd74a7,1,2025-03
codo inox press 22mm 45o macho hembra,CODO 22 INOX PRENSAR 45 MH,ART-0feec663d3,1,2025-03
codo inox press 90 grados hembra diametro 28,CODO 28 INOX PRENSAR 90 H,ART-9c7aa3bc87,1,2025-03
codo inox press 90 grados macho hembra diametro 28,CODO 28 INOX PRENSAR 90 MH,ART-4b73f476de,1,2025-03
codo inoxpress de 22 hembra,CODO 22 INOX PRENSAR 90 H,ART-79e014a3a4,1,2025-03
codo macho hembra 45o de 28 innospress,CODO 28 INOX PRENSAR 45 MH,ART-797d69324c,1,2025-03
codo macho hembra 90o de 28 innospress,CODO 28 INOX PRENSAR 90 MH,ART-4b73f476de,1,2025-03
codo macho hembra inox 1 pulgada,CODO 1 INOX ROSCAR 90 MH,ART-75487158c8,1,2025-03
collarin de polietileno para tubo de 90 con salida a 1 pulgada,COLLARIN SIMPLE 90-1 POLIETILENO,ART-46618003e5,2,2025-06
collarin de polietileno de 160,COLLARIN SIMPLE 160-2 POLIETILENO,ART-fe4828b685,1,2025-03
collarin de polietileno de diametro 200,COLLARIN SIMPLE 200-2 POLIETILENO,ART-5665ad3c3a,1,2025-03
collarin simple de 90 con salida a tres cuartos de polietileno,COLLARIN SIMPLE 90-3/4 POLIETILENO,ART-4af40be786,2,2025-06
cono de 1 pulgada,"RECUBRIMIENTO ACABADO CONO 42 40MM 0,6 ALUMINIO",ART-7783cb06bc,1,2025-03
cono de 254 en 80,"RECUBRIMIENTO ACABADO CONO 254 80MM 0,8 ALUMINIO",ART-fc36d16c3e,1,2025-03
cono de 3 pulgadas en 40,"RECUBRIMIENTO ACABADO CONO 89 40MM 0,6 ALUMINIO",ART-90e523d18d,1,2025-03
cono de 406 en 80,"RECUBRIMIENTO ACABADO CONO 406,4 80MM 0,8 ALUMINIO",ART-5b0b24dd16,1,2025-03
cono de 6 pulgadas en 50,"RECUBRIMIENTO ACABADO CONO 114 50MM 0,6 ALUMINIO",ART-33f31885d1,1,2025-03
cono de aluminio de 104 en 40,"RECUBRIMIENTO ACABADO CONO 104 40MM 0,6 ALUMINIO",ART-f522f02e5c,1,2025-03
cono de aluminio de 4 pulgadas en 50,"RECUBRIMIENTO ACABADO CONO 114 50MM 0,6 ALUMINIO",ART-33f31885d1,1,2025-03
coquilla de 42 en 19,ML COQUILLA 42-11/4 CAUCHO 20MM,ART-d0e1480b06,1,2025-03
coquilla de caucho de 1 pulgada en 25 milimetros de espesor,ML COQUILLA 35-1 CAUCHO 25MM,ART-ab2db3097c,2,2025-06
coquilla de lana de roca de media x40,"ML RECUBRIMIENTO ACABADO 33 40MM 0,6 ALUMINIO",ART-f11233c8d6,1,2025-03
coquilla de lana de roca de una pulgada x40,ML COQUILLA 1*40 LANA DE ROCA  PROROX PS 964 (12ML),ART-ea06469c21,1,2025-03
coquilla de rubafles de diametro 60 por 25 de espesor,ML COQUILLA 60-2 CAUCHO 25MM,ART-e406f8fce3,1,2025-03
corona 54,CORONA 54 BIMETAL DENTADO UNIVERSAL,ART-3761c57dcd,1,2025-03
corona starred de 64,CORONA 64 BIMETAL DENTADO UNIVERSAL,ART-8008248794,1,2025-03
corona de 21,CORONA 21 BIMETAL DENTADO UNIVERSAL,ART-ddd6ea3c8a,1,2025-03
corona de 27,CORONA 27 BIMETAL DENTADO UNIVERSAL,ART-e6b2617682,1,2025-03
corona de 70,CORONA 70 BIMETAL DENTADO UNIVERSAL,ART-c52a2852c9,1,2025-03
corona de 30mm,CORONA 29 BIMETAL DENTADO UNIVERSAL,ART-8e582f2cac,1,2025-03
corona de 58,CORONA 56 BIMETAL DENTADO UNIVERSAL,ART-700c5ebbd9,1,2025-03
cuadradillo inox 4040,ML CUADRADILLO 40*40*2 INOX304 TUBO CUADRADO,ART-8e389f8402,1,2025-03
curva de 90 grados de 406 en 80,"RECUBRIMIENTO ACABADO CURVA 406,4 80MM 90º 0,8 ALUMINIO p/fibra",ART-ab0b76f105,1,2025-03
curva 28 hembra inospres,CODO 28 INOX PRENSAR 90 H,ART-9c7aa3bc87,1,2025-03
curva 28 macho hembra inospres,CODO 28 INOX PRENSAR 90 MH,ART-4b73f476de,1,2025-03
curva de 1 pulgada,"RECUBRIMIENTO ACABADO CURVA 42 40MM 90º 0,6 ALUMINIO p/fibra",ART-b8a7589eaf,1,2025-03
curva de 45 grados de 1 pulgada en 30,"RECUBRIMIENTO ACABADO CURVA 33 30MM 45º 0,6 ALUMINIO p/fibra",ART-bf5e876706,1,2025-03
curva de 45 grados para ese mismo tubo,"RECUBRIMIENTO ACABADO CURVA 168 40MM 45º 0,8 ALUMINIO p/fibra",ART-c06a259cd0,1,2025-05
curva de 90 grados de 1 pulgada en 30,"RECUBRIMIENTO ACABADO CURVA 33 30MM 90º 0,6 ALUMINIO p/fibra",ART-e34d02029d,1,2025-03
curva de 90 grados de 4 pulgadas en 50,"RECUBRIMIENTO ACABADO CURVA 114 50MM 90º 0,6 ALUMINIO p/fibra",ART-15ee282afa,2,2025-03
curva de 90 grados de aluminio de 6 pulgadas en 50,"RECUBRIMIENTO ACABADO CURVA 168 50MM 90º 0,8 ALUMINIO p/fibra",ART-57c9924019,1,2025-03
curva de 90 grados para ese mismo tubo,"ML RECUBRIMIENTO ACABADO 42 40MM 0,5 INOX304 p/fibra",ART-2775fe4d91,1,2025-03
curva de 90 grados para ese mismo tubo,"RECUBRIMIENTO ACABADO CURVA 168 40MM 90º 0,8 ALUMINIO p/fibra",ART-c8bba77acc,1,2025-05
curva de aluminio de 104 en 40,"RECUBRIMIENTO ACABADO CURVA 104 40MM 90º 0,6 ALUMINIO p/fibra",ART-f0f31d62aa,1,2025-03
curva de media de 45 grados galva,CURVA 1/2 GALVA 45 HH,ART-1cf4636ded,1,2025-03
curva inox 304 diametro 60,"CODO 60,3 (2) INOX304 ISO",ART-235b914070,1,2025-03
disco de corte orbital pequeno,DISCO CORTE ORBITAL Ø68 INOX P/ 1-3MM ref:LS6872,ART-baa18d6a1b,1,2025-03
disco de pulir alambre inox,DISCO ALAMBRE 100*12*19 INOX,ART-64892a56bb,1,2025-03
disco de corte,DISCO CORTE 125*1 INOX,ART-a6eb81e703,1,2025-03
disco de corte,"DISCO CORTE 230*1,8 INOX",ART-50d5866c97,1,2025-03
disco de diametro 115 para pulir,"DISCO 115*22,23 PULIDO WURTH REF:0585011348",ART-6628694a4a,8,2025-06
disco de diametro 125 de mil hojas,DISCO DESBASTE 125 LAMINADO OSF VELLON + LIJA 1000 HOJAS - WURTH - 0585580328,ART-50f54afd43,7,2025-06
disco de lija,DISCO DESBASTE 125 1000 HOJAS GRANO 60,ART-dc1911785c,1,2025-03
brida de aluminio dn40,"BRIDA DN40 ALUMINIO Ø48,3 PN16 DIN-2642",ART-0482a1276b,1,2025-03
corona de 65mm para el teladro de hierro,CORONA 65 BIMETAL DENTADO UNIVERSAL,ART-3572445c66,1,2025-03
enlace tuerca loca hembra media a 15 inox press,MANGUITO MIXTO 15-1/2 INOX PRENSAR H,ART-2ec11ff0c3,1,2025-03
hoja de corte,DISCO CORTE ORBITAL Ø68 INOX P/ 1-3MM ref:LS6872,ART-baa18d6a1b,1,2025-03
punta roscada inox de media,PUNTA ROSCADA 1/2 INOX ROSCAR,ART-56b491942e,2,2025-10
rosca doble inox dos pulgadas,ROSCA DOBLE 2 INOX ROSCAR,ART-2a9562a49f,1,2025-03
tuerca union inox dos pulgadas macho hembra,TUERCA UNION 2 INOX ROSCAR MH,ART-542c608348,1,2025-03
valvula bola macho hembra media,VALVULA BOLA 1/2 LATON MH PN30 PALANCA,ART-3fb1d5dabd,1,2025-03
manguito reducido de 10 a 8 milimetros de legris,MANGUITO RED 10-8 LEGRIS,ART-b5b36fd1b2,1,2025-03
enchufe rapido de media macho,ENCHUFE RAPIDO M - 1/2H LATON P/ MANGUERA JARDIN,ART-409f2a734e,1,2025-03
enlace 18 media hembra inospres,MANGUITO MIXTO 18-1/2 INOX PRENSAR H,ART-5617b047f8,1,2025-03
enlace mixto de 22 hembra a media macho inospres,MANGUITO MIXTO 22-1/2 INOX PRENSAR M,ART-5a9756772b,1,2025-03
enlace 18 3 cuartos macho y nosprez,MANGUITO MIXTO 18-3/4 INOX PRENSAR M,ART-699d26f68b,1,2025-03
enlace 18 media macho inospres,MANGUITO MIXTO 18-1/2 INOX PRENSAR M,ART-88364bc6bb,1,2025-03
enlace mistos inox press macho 1 pulgada 28,MANGUITO MIXTO 28-1 INOX PRENSAR M,ART-46188e80f2,1,2025-03
enlace mixtos de media macho a 10 legris,ENLACE RECTO 10-1/2 M rosca BSP LEGRIS,ART-31fa74c424,1,2025-03
enlace mixtos media macho 22 inoxpress,MANGUITO MIXTO 22-1/2 INOX PRENSAR M,ART-5a9756772b,1,2025-03
espiga de media inox para esa manguera,ENLACE MANGUERA 1/2 -15MM INOX ROSCAR,ART-e14bcd7982,1,2025-03
fibra de vidrio de 3 pulgadas en 40,"ML COQUILLA 3*40 (4,80) FIBRA DE VIDRIO NO REVESTIDA REF. 520539 M",ART-36a4b9970b,1,2025-03
fibra de vidrio de 4 pulgadas en 40,"ML COQUILLA 4*40 (4,80) FIBRA DE VIDRIO NO REVESTIDA REF. 520122 M",ART-37d29842e9,1,2025-03
fibra de vidrio de 4 pulgadas en 50,"ML COQUILLA 4*50 (4,80) FIBRA DE VIDRIO NO REVESTIDA REF. 520123 M",ART-8d3bbcd76c,1,2025-03
fibra de vidrio de 6 pulgadas en 50,"ML COQUILLA 6*50 (2,40) FIBRA DE VIDRIO NO REVESTIDA REF. 520173 M",ART-4872f4abdb,1,2025-03
filtro en y de laton de una pulgada,FILTRO 1 LATON 0-140ºC 16BAR EN Y DOBLE MALLA P/AGUA,ART-bb04d9e2f5,1,2025-03
husillo grande,HUSILLO GRANDE PARA CORONA A-10 Ø32-Ø152,ART-6b2ed0d616,1,2025-03
imprimacion gris,"BOTE 0,75LT PINTURA IMPRIMACION KARTPRIMER GRIS COLAMINA",ART-7a27ee5619,2,2025-11
injerto para ese mismo tubo,"RECUBRIMIENTO ACABADO INJERTO 42 40MM 0,6 ALUMINIO",ART-3a04366c64,1,2025-03
injerto de 1 pulgada en 30 a 1 pulgada en 30,"RECUBRIMIENTO ACABADO INJERTO 33 30MM 0,6 ALUMINIO",ART-0c70d79016,1,2025-03
injerto de 4 en 50,"RECUBRIMIENTO ACABADO INJERTO 104 50MM 0,6 ALUMINIO",ART-d347578c2b,1,2025-03
injerto de 4 pulgadas en 50,"RECUBRIMIENTO ACABADO INJERTO 114 50MM 0,6 ALUMINIO",ART-10435d5a59,1,2025-03
tubo inox en 304 diametro 114,"ML TUBO 114,3 (4) INOX304 ISO MATE 2MM",ART-d0e6947c39,1,2025-03
junta 4 pulgadas grafitada,JUNTA DN100 2MM GRAFITO PARA VAPOR,ART-0790b364d1,2,2025-11
junta clam dn50,JUNTA CLAMP DN50 Ø53 EPDM NEGRA 130ºC ALIMENTACION DIN,ART-93e3184654,1,2025-03
junta dn25,JUNTA DIN DN25 Ø29 EPDM NEGRA 130ºC ALIMENTACION DIN,ART-a2977728d0,1,2025-03
junta dn50,JUNTA DIN DN50 Ø53 EPDM NEGRA 130ºC ALIMENTACION DIN,ART-78894931ea,2,2025-03
junta dn80,JUNTA DIN DN80 Ø85 EPDM NEGRA 130ºC ALIMENTACION DIN,ART-ca41459880,1,2025-03
junta abrida de grafito dn50,JUNTA DN50 2MM GRAFITO PARA VAPOR,ART-5e1fdf35b5,1,2025-03
junta brida carton dn125,JUNTA DN125 2MM CARTON P/AGUA F.202 VERDE,ART-8de8a37e25,1,2025-03
junta brida carton dn80,JUNTA DN80 2MM CARTON P/AGUA F.202 VERDE,ART-561ee1f738,1,2025-03
junta clamp dn50,JUNTA CLAMP DN50 Ø53 EPDM NEGRA 130ºC ALIMENTACION DIN,ART-93e3184654,1,2025-03
junta brida,JUNTA DN50 2MM CARTON P/AGUA F.202 VERDE,ART-6152be4413,1,2025-03
junta brida carton dn150,JUNTA DN150 2MM CARTON P/AGUA F.202 VERDE,ART-f3c3eee622,1,2025-03
junta brida carton dn50,JUNTA DN50 2MM CARTON P/AGUA F.202 VERDE,ART-6152be4413,1,2025-03
junta brida goma epdm o silicona dn100,JUNTA DN100 EPDM RIGIDAS CON LENGÜETA,ART-78cdae73ea,1,2025-03
junta brida grafito dn100,JUNTA DN100 2MM GRAFITO PARA VAPOR,ART-0790b364d1,1,2025-03
junta brida grafito dn80,JUNTA DN80 2MM GRAFITO PARA VAPOR,ART-4ba74589fb,1,2025-03
junta brida de carton dn100,JUNTA DN100 2MM CARTON P/AGUA F.202 VERDE,ART-d25a797fe9,1,2025-03
junta de dn100 pvc con lingueta,JUNTA DN100 PVC RIGIDA C/LENGÜETA,ART-e16b4f29bb,1,2025-03
junta de carton brida dn100,JUNTA DN100 2MM CARTON P/AGUA F.202 VERDE,ART-d25a797fe9,1,2025-03
junta de carton de dn 25,JUNTA 1 CARTON LATIGUILLO,ART-eac4a08d45,1,2025-03
junta de goma de 1 pulgada,JUNTA GOMA ANCHA ARANDELA RACORD 20/30X1 NEGRA,ART-93747cdd6e,1,2025-05
junta de grafito de brida dn100,JUNTA DN100 2MM GRAFITO PARA VAPOR,ART-0790b364d1,1,2025-03
junta de grafito de brida dn80,JUNTA DN80 2MM GRAFITO PARA VAPOR,ART-4ba74589fb,1,2025-03
junta sms 2 pulgadas,"JUNTA SMS 2 (50,8MM) DN51 EPDM NEGRA 130ºC ALIMENTACION OD",ART-4c79050866,1,2025-03
junta sms 25 pulgadas,"JUNTA SMS 21/2 (63,5MM) EPDM NEGRA 130ºC ALIMENTACION OD",ART-8cd6c69eb1,1,2025-03
junta tres cuartos a la ancha goma,JUNTA 3/4 GOMA ALA ANCHA,ART-3713236041,1,2025-03
kilo de imprimacion gris,"BOTE 0,75LT PINTURA IMPRIMACION KARTPRIMER GRIS COLAMINA",ART-7a27ee5619,1,2025-03
lana de roca coquilla de 4 pulgadas en 50,"ML COQUILLA 4*50 LANA DE ROCA PROROX PS 964 (3,6ML)",ART-92059966e4,1,2025-03
lana de roca coquilla de 6 pulgadas en 50,"ML COQUILLA 10*50 LANA DE ROCA PROROX PS 964 (1,2ML)",ART-cd3dc3cef1,1,2025-03
latiguillo de 25 centimetros de media hembra,LATIGUILLO 25CM 1/2 H Ø9 10BAR INOX,ART-2dea2bb49e,2,2025-06
latiguillo de 250 de media macho 3 octavos hembra,LATIGUILLO 25CM 1/2M 3/8H Ø9 10BAR INOX,ART-fd862ae1d8,1,2025-03
latiguillo de 30 centimetros de media hembra,LATIGUILLO 30CM 1/2 H Ø9 10BAR INOX,ART-425a2bb1b8,2,2025-06
latiguillo de 35 centimetros de media hembra,LATIGUILLO 35CM 1/2 H Ø9 10BAR INOX,ART-befbb5f84b,2,2025-06
latiguillo de 1 pulgada de 60 centimetros macho hembra,LATIGUILLO 60CM 1 MH Ø26 16BAR INOX CONTADOR,ART-5ace13feb8,1,2025-05
latiguillo de 30 centimetros de media,LATIGUILLO 30CM 1/2 H Ø13 16BAR INOX,ART-b3a9768ece,1,2025-03
llave de bola 1 pulgada inox,VALVULA BOLA 1 INOX316 ROSCAR H PN63,ART-86b15c7a0d,1,2025-03
llave de bola de 3 octavos inox,VALVULA BOLA 3/8 INOX316 ROSCAR H PN63,ART-9f45974354,1,2025-03
llave de bola de media inox,VALVULA BOLA 1/2 INOX316 ROSCAR H PN63,ART-c835c1928a,1,2025-03
llave de bola hembra 1 pulgada,VALVULA BOLA 1 LATON H PN30 PALANCA,ART-518c65d95e,1,2025-03
llave mini de 14 hembra hembra,VALVULA ESFERA MINI 1/4 MARIPOSA H,ART-50d1b6662a,1,2025-03
llave de media inox,VALVULA BOLA 1/2 INOX316 ROSCAR H PN63,ART-c835c1928a,1,2025-03
llave esfera media hembra hembra,VALVULA BOLA 1/2 LATON H PN30 PALANCA,ART-edd70c3f92,1,2025-03
macho dn50,MACHO DIN DN50 Ø53 INOX316L ALIMENTACION,ART-ed7310f73d,1,2025-03
macho dn25 inox,MACHO DIN DN25 Ø29 INOX304 ALIMENTACION,ART-c97619a044,1,2025-03
macho dn50 inox,MACHO DIN DN50 Ø53 INOX316L ALIMENTACION,ART-ed7310f73d,1,2025-03
macho dn50 inox,MACHO DIN DN50 Ø53 INOX304 ALIMENTACION,ART-dfb1b30bd4,1,2025-03
macho dn 50,MACHO DIN DN50 Ø53 INOX316L ALIMENTACION,ART-ed7310f73d,1,2025-03
macho dn25 inox,MACHO DIN DN25 Ø29 INOX316L ALIMENTACION,ART-9ded5dbc08,1,2025-03
mamelon de 1 a media de laton,MAMELON 1-1/2 LATON,ART-211456120b,2,2025-06
mamelon de laton de 3 cuartos a media,MAMELON 3/4-1/2 LATON,ART-ea74cc4919,1,2025-03
mamelon de media un cuarto de laton,MAMELON 1/2-1/4 LATON,ART-17faff3042,1,2025-03
mamelon inox de media a 1 cuarto,MAMELON 1/2-1/4 INOX ROSCAR MH,ART-e46749c099,1,2025-03
mamelon de 3 octavos,MAMELON 3/8-1/4 INOX ROSCAR MH,ART-2572f8af14,1,2025-03
mamelon de laton de media a 1 cuarto,MAMELON 1/2-1/4 LATON,ART-17faff3042,1,2025-05
mamelon de una media de laton,MAMELON 1-1/2 LATON,ART-211456120b,1,2025-03
manguera trenzada para espigas de media a diametro 15,ML MANGUERA 15-21 CRISTAL REFORZADA,ART-fc8a335cab,1,2025-03
manguito,MANGUITO MIXTO 32-1 LATON POLIETILENO H,ART-981364abf9,1,2025-03
manguito 1 pulgada inox,MANGUITO 1 INOX ROSCAR H,ART-54a4263278,1,2025-03
manguito 18 inospres sin tope,MANGUITO SIN TOPE 18 INOX PRENSAR,ART-8b982f3c08,1,2025-03
manguito 40 pvc,MANGUITO 40 PVC BLANCO,ART-d9b481ed27,1,2025-03
manguito de 2 pulgadas de inox,MANGUITO 2 INOX ROSCAR H,ART-24dd916a2c,1,2025-03
manguito de 28 innospress,MANGUITO 28 INOX PRENSAR H,ART-5201baf91d,1,2025-03
manguito forjado de 1,MANGUITO 11/2 FORJADO,ART-1ea90f86fe,1,2025-03
manguito inox 1 octavo,MANGUITO 1/8 INOX ROSCAR H,ART-2421763dc7,1,2025-03
manguito legris diametro 12,MANGUITO 12 LEGRIS,ART-4dbda9e7e5,1,2025-03
manguito legris diametro 8,MANGUITO 8 LEGRIS,ART-2818d18f37,1,2025-03
manguito mixto,MANGUITO MIXTO 18-3/4 INOX PRENSAR M,ART-699d26f68b,1,2025-03
manguito reducido laton macho hembra 1 34,MANGUITO RED 1-3/4 LATON HM,ART-895f7dd439,1,2025-03
manguito sin tope,MANGUITO SIN TOPE 18 INOX PRENSAR,ART-8b982f3c08,1,2025-03
manguito 3 cuartos macho hembra negros,MANGUITO 3/4 NEGRO,ART-b5015645c7,1,2025-03
manguito m10,MANGUITO M10*25 ZINCADO HEXAGONAL P/VARILLA ROSCADA,ART-8365226616,1,2025-03
manguito pvc presion diametro 50,MANGUITO 50 PVC PRESION,ART-dc4d786088,1,2025-03
manguito de 28,MANGUITO 28 INOX PRENSAR H,ART-5201baf91d,1,2025-03
manguito de una y media inox,MANGUITO 11/2 INOX ROSCAR H,ART-93d11ae915,1,2025-03
manguito inox press de 28,MANGUITO 28 INOX PRENSAR H,ART-5201baf91d,1,2025-03
manguito mixto de 90 a 3 presion de pvc macho,MANGUITO MIXTO 110/90-3 PVC PRESION M,ART-d022cac19b,1,2025-03
manguito mixto de diametro 20 a media macho multicapa,MANGUITO MIXTO 20-1/2 MULTICAPA M,ART-7ec463186b,3,2025-06
manguito polietileno,MANGUITO 20 POLIETILENO,ART-4da7a2af0b,1,2025-03
manquito 3 cuartos inox,MANGUITO 3/4 INOX ROSCAR H,ART-4d61af52ba,1,2025-03
manquito de 18 en inoxpress,MANGUITO 18 INOX PRENSAR H,ART-f5d7081646,1,2025-03
manquito 15 inox,MANGUITO 1/2 INOX ROSCAR H,ART-1300c702be,1,2025-03
manquito de 20 de presion,MANGUITO 20 PVC PRESION,ART-d19cd071f4,1,2025-03
manta armaflex de 25,M2 PLANCHA 25 CAUCHO 1M ANCHO,ART-010fff3882,1,2025-03
manometro de glicerina de 4 vales,MANOMETRO 4 BAR Ø63 GLICERINA VERTICAL,ART-05ade091a5,1,2025-03
manometro esfera de 60 de 0 a 10 bares,MANOMETRO 10BAR Ø63 INOX COMPLETO GLICERINA VERTICAL,ART-b9fb2ff229,1,2025-03
manometro de 10 bares de diametro 50,MANOMETRO 10 BAR Ø50 VERTICAL ESFERA SECA,ART-34caf6ed79,1,2025-03
manometro de 16 bares con salida posterior de 1 cuarto,MANOMETRO 16 BAR Ø50 POSTERIOR ESFERA SECA,ART-43e4167528,1,2025-03
mascarilla,MASCARILLA FFP2 SOLDADORES CON FILTRO,ART-8be9a63539,1,2025-03
manguera legris diametro 8,ML TUBO 8MM POLIURETANO AZUL FLEXIBLE 70ºC 12BAR (100mts) LEGRIS,ART-7f41cd233e,1,2025-03
tubo inox diametro 29 soldar,ML TUBO DN25 Ø29 INOX316L PULIDO ALIMENTACION DIN E=1.5MM ML,ART-dc095b2c06,1,2025-03
nipple de 1 pulgada,PUNTA ROSCADA 1*100 NEGRO (HABITUAL),ART-356358e9e4,1,2025-03
nipple forjado de 2 pulgadas,PUNTA ROSCADA 2*100 NEGRO (HABITUAL),ART-4d5b37636d,1,2025-03
paquete bridas electricista ancho 5,BASE BRIDA NYLON 27X27 BIDIRECCIONAL NEGRO CON ADHESIVO,ART-5e5e0112c3,1,2025-03
paquete de guantes de mecanico talla 10,GUANTE T-10 CUERO-TELA TRANSPIRABLE,ART-1d617edc66,1,2025-03
paquete de varilla inox a porte diametro 1,"PAQUETE 5KG VARILLA APORTACION 1,6 INOX",ART-5fbfaa040a,1,2025-03
patas regulables inox diametro 50,CHAPA BASE 150*150*8 INOX304 C/ 4 AGUJEROS Ø15 ref 567025,ART-bcbbe32920,1,2025-03
pegamento,BOTE PEGAMENTO 1LT P/ CAUCHO PQ,ART-f2a9da3b35,1,2025-03
pegamento de armaflex,BOTE PEGAMENTO 1LT P/ CAUCHO PQ,ART-f2a9da3b35,1,2025-03
pegatinas para brida electricista,BASE BRIDA NYLON 27X27 BIDIRECCIONAL NEGRO CON ADHESIVO,ART-5e5e0112c3,1,2025-03
perfil 30 inox,ML CUADRADILLO 30*30*2 INOX304 TUBO CUADRADO,ART-6fa063df8e,1,2025-03
perfil 4040 hierro,"ML CUADRADILLO 40*40*2 HIERRO (2,48kg/m)",ART-385e48ff58,1,2025-03
perfil 500mm 40x40x2 inox,ML CUADRADILLO 40*40*2 INOX304 TUBO CUADRADO,ART-8e389f8402,1,2025-03
perfil 600mm 60x60x2 inox,ML CUADRADILLO 60*60*2 INOX304 TUBO CUADRADO,ART-5471bb3cd7,1,2025-03
perfil de hierro 100x100x2,"ML CUADRADILLO 100*100*2 HIERRO (6,31kg/m)",ART-79be4355c7,1,2025-03
perfil de hierro de 100x100x2,"ML CUADRADILLO 100*100*2 HIERRO (6,31kg/m)",ART-79be4355c7,1,2025-03
perfil hierro 40x40x2,"ML CUADRADILLO 40*40*2 HIERRO (2,48kg/m)",ART-385e48ff58,1,2025-03
perfil hierro 50x50x3,"ML CUADRADILLO 50*50*3 HIERRO (4,42kg/m)",ART-8b95e49e7e,1,2025-03
perrillo para silga diametro 4,MORDAZA PARA SIRGA Ø4 GALVA,ART-76b135f6f0,1,2025-03
pletina de 40 metros por 4 de espesor de hierro,"ML PLETINA 40*4 HIERRO (1,32KG/M)",ART-d06087b78d,1,2025-03
pletina de 40 metros por 4 de espesor de hierro,PORTES/TRANSPORTE PAQUETERIA,ART-f3791dd984,1,2025-03
pletina de hierro,"ML PLETINA 40*4 HIERRO (1,32KG/M)",ART-d06087b78d,1,2025-03
poliuretano,CODO 54 90º POLIURETANO D/35 40MM max.60ºC SIN ALUMINIO,ART-c94925681a,1,2025-03
probador automaticos de media,PURGADOR AUTOMATICO 1/2 REFLEX EXVOID,ART-26d7b554dc,1,2025-03
purgador automatico industrial de media,PURGADOR AUTOMATICO 1/2 REFLEX EXVOID,ART-26d7b554dc,1,2025-03
punta roscada 1 pulgada inox,PUNTA ROSCADA 1 INOX ROSCAR,ART-a514a2fe86,1,2025-03
punta roscada 1 y cuarto inox,PUNTA ROSCADA 11/4 INOX ROSCAR,ART-756f0a1846,1,2025-03
punta roscada 3 octavos inox,PUNTA ROSCADA 3/8 INOX ROSCAR,ART-c0391aa408,1,2025-03
punta roscada de 1,PUNTA ROSCADA 11/2 INOX ROSCAR,ART-798bce060e,1,2025-03
punta roscada de 1 pulgada inox,PUNTA ROSCADA 1 INOX ROSCAR,ART-a514a2fe86,5,2025-11
punta roscada de 2 pulgadas inox,PUNTA ROSCADA 2 INOX ROSCAR,ART-07fc86178a,1,2025-03
punta roscada de 3 cuartos inox,PUNTA ROSCADA 3/4 INOX ROSCAR,ART-ed53a02df4,2,2025-03
punta roscada de 3 octavos inox,PUNTA ROSCADA 3/8 INOX ROSCAR,ART-c0391aa408,1,2025-03
punta roscada de media inox,PUNTA ROSCADA 1/2 INOX ROSCAR,ART-56b491942e,2,2025-11
punta roscada media inox,PUNTA ROSCADA 1/2 INOX ROSCAR,ART-56b491942e,1,2025-03
punta roscada negra de 1,PUNTA ROSCADA 11/4*100 NEGRO (HABITUAL),ART-1065a147c6,1,2025-03
punta roscada inox de 2 pulgadas,PUNTA ROSCADA 2 INOX ROSCAR,ART-07fc86178a,3,2025-11
punta roscada inox 2 pulgadas,PUNTA ROSCADA 2 INOX ROSCAR,ART-07fc86178a,1,2025-04
purgador automatico de media,PURGADOR AUTOMATICO 1/2 REFLEX EXVOID,ART-26d7b554dc,2,2025-06
raccord clamp completo dn20 inox,JUNTA CLAMP DN20 Ø23 EPDM NEGRA 130ºC ALIMENTACION DIN,ART-f5b09c23de,1,2025-03
raccord clamp completo dn25 inox,JUNTA CLAMP DN25 Ø29 EPDM NEGRA 130ºC ALIMENTACION DIN,ART-969fe523e9,1,2025-03
racor fijo macho inox press mixto 22 34,MANGUITO MIXTO 22-3/4 INOX PRENSAR M,ART-8552f95766,1,2025-03
reduccion de n50 inox,REDUCCION DN65 Ø70-DN50 Ø53 INOX PULIDO 316L ALIMENTACION DIN,ART-3a1514aa90,1,2025-03
reduccion de n65,REDUCCION DN65 Ø70-DN50 Ø53 INOX PULIDO 316L ALIMENTACION DIN,ART-3a1514aa90,1,2025-03
reduccion dn50 adn32 inox,REDUCCION DN50 Ø53-DN32 Ø35 INOX PULIDO 316L ALIMENTACION DIN,ART-1dbf498db2,1,2025-03
reduccion dn50 adn40 inox,REDUCCION DN50 Ø53-DN40 Ø41 INOX PULIDO 316L ALIMENTACION DIN,ART-55b4d17207,1,2025-03
reduccion dn50 dn25 inox,REDUCCION DN50 Ø53-DN25 Ø29 INOX PULIDO 316L ALIMENTACION DIN,ART-fcc55ea347,1,2025-03
reduccion de 28 a 22 inospres,REDUCCION 28-22 INOX PRENSAR,ART-1f4418f150,1,2025-03
reduccion inox 304 diametro 114,"REDUCCION 114,3 (4)-88,9 (3) INOX304 ISO",ART-dc707bb46f,1,2025-03
reduccion inox 603 a 337,"REDUCCION 60,3 (2)-33,7 (1) INOX304 ISO",ART-e3f37277d7,1,2025-03
reduccion inox de 304 de 88,"REDUCCION 88,9 (3)-60,3 (2) INOX304 ISO",ART-9b36848826,1,2025-03
remache metrica 6,REMACHE M6 PARA REMACHADORA DE METRICA,ART-28f9847bc6,1,2025-03
rollo cinta armaflex,ROLLO 15M CINTA 50MM AUTOADHESIVA COQUILLA CAUCHO,ART-1a140d91ec,1,2025-03
rollo de armaflex de 20,ROLLO 15M CINTA 50MM AUTOADHESIVA COQUILLA CAUCHO,ART-1a140d91ec,1,2025-03
rollo de cinta adhesiva negra ancho,CINTA AISLANTE 25MM NEGRA,ART-faafc3f8a4,1,2025-03
rollo de cinta autoadhesiva de caucho,ROLLO 15M CINTA 50MM AUTOADHESIVA COQUILLA CAUCHO,ART-1a140d91ec,2,2025-06
rollo de cinta de armaflex,ROLLO 15M CINTA 50MM AUTOADHESIVA COQUILLA CAUCHO,ART-1a140d91ec,4,2025-11
rollo de estropajo,MT ESTROPAJO ROJO P/ PULIR INOX  (ROLLO=10MT),ART-b9feb46978,1,2025-03
rollo de cinta dharma flesh,ROLLO 15M CINTA 50MM AUTOADHESIVA COQUILLA CAUCHO,ART-1a140d91ec,1,2025-03
rollo de rubaflex de 50 metros,ROLLO 15M CINTA 50MM AUTOADHESIVA COQUILLA CAUCHO,ART-1a140d91ec,1,2025-03
rollo de teflon ancho,"ROLLO TEFLON GRANDE 19*0,2MM 12M ROLLO WURTH",ART-7b21df8526,1,2025-03
rollo de teflon grandes,"ROLLO TEFLON GRANDE 19*0,2MM 12M ROLLO WURTH",ART-7b21df8526,1,2025-03
rollo de teflon pequenos,"ROLLO TEFLON PEQUEÑO 12*0,1MM 12M ROLLO WURTH",ART-66ea30a376,1,2025-03
rollo teflon ancho,"ROLLO TEFLON GRANDE 19*0,2MM 12M ROLLO WURTH",ART-7b21df8526,1,2025-03
rollo teflon estrecho,"ROLLO TEFLON PEQUEÑO 12*0,1MM 12M ROLLO WURTH",ART-66ea30a376,1,2025-03
rosca doble de 3 octavos inox,ROSCA DOBLE 3/8 INOX ROSCAR,ART-6388f67759,1,2025-03
rosca doble de 3 octavos inox a un cuarto inox,ROSCA DOBLE RED 3/8-1/4 INOX ROSCAR,ART-995403ad92,1,2025-03
rosca doble de 3 pulgadas galva,ROSCA DOBLE 3 GALVA,ART-39aee26dd4,1,2025-03
rosca doble reducida de tres cuartos a media en laton,ROSCA DOBLE RED 3/4-1/2 LATON,ART-3a3e341c8d,2,2025-06
rosca doble reducida inox 3 cuartos a media,ROSCA DOBLE RED 3/4-1/2 INOX ROSCAR,ART-bd6df74eb6,1,2025-03
rosca doble 14 3 octavos laton,ROSCA DOBLE RED 3/8-1/4 LATON,ART-ba6ceb3885,1,2025-03
rosca doble conicas media pulgada,"ROSCA DOBLE CONICA 1/2"" EMPALME MF HIDRAULICA",ART-80c9ed1177,1,2025-03
rosca doble de laton de media,ROSCA DOBLE 1/2 LATON,ART-ba87d9f7c2,1,2025-03
rosca doble de media de laton,ROSCA DOBLE 1/2 LATON,ART-ba87d9f7c2,1,2025-03
rosca doble de media en laton,ROSCA DOBLE 1/2 LATON,ART-ba87d9f7c2,1,2025-03
rosca doble inox 1 pulgada,ROSCA DOBLE 1 INOX ROSCAR,ART-05b2d9ae8c,1,2025-03
rosca doble inox de media,ROSCA DOBLE 1/2 INOX ROSCAR,ART-9b06148af1,2,2025-11
rosca doble inox 34,ROSCA DOBLE 3/4 INOX ROSCAR,ART-99a777fba0,1,2025-03
rosca doble media inox,ROSCA DOBLE 1/2 INOX ROSCAR,ART-9b06148af1,1,2025-03
rosca doble conicas de media,"ROSCA DOBLE CONICA 1/2"" EMPALME MF HIDRAULICA",ART-80c9ed1177,1,2025-03
soporte galva 450x40x40,"SOPORTE PERFORADO 41/41 450 E2,5 STRUT",ART-24beab7f92,1,2025-03
soporte perforado de 450 milimetros,"SOPORTE PERFORADO 41/41 450 E2,5 STRUT",ART-24beab7f92,1,2025-03
soporte perforado de 600 milimetros,"SOPORTE PERFORADO 41/41 600 E2,5 STRUT",ART-32f20500dd,1,2025-03
soporte escuadra strut 41x41x200,"SOPORTE PERFORADO 41/41 300 E2,5 STRUT",ART-1c25e462d9,2,2025-11
soporte escuadra strut 41x41x350,"SOPORTE PERFORADO 41/41 450 E2,5 STRUT",ART-24beab7f92,2,2025-11
soporte ranurado de 300 milimetros,"SOPORTE PERFORADO 41/21 300 E2,5 STRUT",ART-b16e706da2,1,2025-03
soporte ranurado de 450 milimetros,"SOPORTE PERFORADO 41/21 450 E2,5 STRUT",ART-2326504479,1,2025-03
spray zinc claro,BOTE SPRAY GALVA 400ML PQ,ART-7a192ef264,1,2025-03
taco de hormigon,ANCLAJE MACHO M12*110 HORMIGON,ART-ac781afed7,1,2025-03
taco de hormigon metrica 12 x 110,ANCLAJE MACHO M12*110 HORMIGON,ART-ac781afed7,1,2025-03
taco hormigon metrica 8 hembra x 50,ANCLAJE HEMBRA M8*30 C/ REBORDE,ART-3bd267a597,1,2025-03
tapa de aluminio para ese mismo tubo,"RECUBRIMIENTO ACABADO TAPA 42 40MM 0,6 ALUMINIO",ART-a2e8fa031d,1,2025-03
tapa de 50x50 inox,TAPA PERFIL 2 INOX 50*50 REF: 00635230,ART-14c4725acd,1,2025-03
tapon de 1 y cuarto macho en laton,TAPON 1/4 LATON M,ART-7688cf03ee,1,2025-03
tapon de 2 pulgadas macho en laton,TAPON 2 LATON M,ART-a06cc0c949,1,2025-03
tapon de 3 cuartos macho de negra,TAPON 3/4 NEGRO M,ART-42e3eefad7,2,2025-06
tapon de media macho en laton,TAPON 1/2 LATON M,ART-1c0ca6b278,1,2025-03
tapon de media negra macho,TAPON 1/2 NEGRO M,ART-b0af66f171,2,2025-06
tapon 2 pulgadas negro hembra,TAPON 2 NEGRO H,ART-69d0d0d7f4,1,2025-03
tapon galva 1 pulgada macho,TAPON 1 GALVA M,ART-574dbc4b17,1,2025-03
tapon macho de 2 pulgadas inox,TAPON 2 INOX ROSCAR M,ART-83b52aacb6,1,2025-03
tapon media negro macho,TAPON 2 NEGRO M,ART-3ae449f2a9,1,2025-03
tapon negro 2 pulgadas hembra,TAPON 2 NEGRO H,ART-69d0d0d7f4,1,2025-03
tap de 40 inox,TAPA PERFIL 2 INOX 40*40 REF: 00635229,ART-9d80779165,1,2025-03
termometro de 120 grados de salida posterior de 5 centimetros,TERMOMETRO 120°C 5CM Ø63 POSTERIOR,ART-040ae746bc,1,2025-03
termometro de 120o vertical de 5cm,TERMOMETRO 120°C 5CM Ø80 VERTICAL,ART-33551dae10,1,2025-03
tex inox press diametro 28,TE 28 INOX PRENSAR,ART-a4cecdf496,1,2025-03
torca union inox macho hembra de 3 cuartos,TUERCA UNION 3/4 INOX ROSCAR MH,ART-3f13a370dd,1,2025-03
tornillos,"TORNILLO HEXAGONAL M16*110 ZINC 6,8 DIN 931 (caja=25uds)",ART-eed5833136,1,2025-03
tornillos allen metrica 10x25 inox,TORNILLO ALLEN M10*25 INOX,ART-0becc8069c,1,2025-03
tornillos avellanados inox metrica 8 x 20,TORNILLO ALLEN AVELANADO M8*20 ZINC,ART-30891d1518,1,2025-03
tornillos de anclaje de 10,ANCLAJE MACHO M10*90 HORMIGON,ART-916b4ad1f1,1,2025-03
tornillos metrica 16x100,TORNILLO HEXAGONAL M16*100 ZINC 6.8 DIN 931(caja=25uds),ART-1060e28dba,1,2025-03
tornillos metrica 16x60,TORNILLO HEXAGONAL M16*60 ZINC 6.8 DIN 931 (caja=20uds),ART-5a7fe4599d,1,2025-03
tornillos metrica 16x70,TORNILLO HEXAGONAL M16*70 ZINC 6.8 DIN 931 (caja=20uds),ART-615b74cd93,1,2025-03
tornillos metrica 16x70 zinc,TORNILLO HEXAGONAL M16*70 ZINC 6.8 DIN 931 (caja=20uds),ART-615b74cd93,1,2025-03
tornillos metrica 16x90,TORNILLO HEXAGONAL M16*90 ZINC 6.8 DIN 931 (caja=25uds),ART-b5a58c7761,1,2025-03
tornillos metrica 20x80 zinc,TORNILLO HEXAGONAL M20*80 ZINC 6.8 DIN 931,ART-4843f08936,1,2025-03
tornillos metrica 8 x 35 inox,TORNILLO HEXAGONAL M8*35 INOX A2 DIN 933,ART-490f9ff2a0,1,2025-03
tornillos metrica 8x30 inox,TORNILLO HEXAGONAL M8*30 INOX A2 DIN 933,ART-bdba5581a3,1,2025-03
trames galva 600x1300,TRAMEX 1300*600 GALVA PLETINAS 30/2 - 10/2 LUZ=30,ART-e0e75da764,1,2025-03
tubo 18 inox,ML TUBO 18*1MM INOX PRENSAR 316L,ART-6c93b70200,1,2025-03
tubo 40 pvc blanco de 20 centimetros,ML TUBO 40 PVC BLANCO (en tramos de 3mts),ART-780da38188,1,2025-03
tubo dn25 inox,ML TUBO DN25 Ø29 INOX316L PULIDO ALIMENTACION DIN E=1.5MM ML,ART-dc095b2c06,1,2025-03
tubo inox 316 de dn100,ML TUBO DN100 Ø104 INOX316L PULIDO ALIMENTACION DIN E=2MM ML,ART-d71c912562,1,2025-03
tubo de 1 pulgada inox 316 schedule 10,"ML TUBO SCH10 33,4 (1) INOX316L SOLDADO",ART-c6bb12db36,1,2025-03
tubo de 2 pulgadas inox 316 schedule 10,"ML TUBO SCH10 60,3 (2) INOX316L SOLDADO",ART-7a789ce364,1,2025-03
tubo de 2 pulgadas negro sin soldadura,ML TUBO 2 NEGRO SIN SOLDADURA UNE-EN 10255 habitual (DIN2440),ART-4fba2ddb6e,2,2025-11
tubo de 20 pvc presion,ML TUBO 20 PVC PRESION 10 BAR,ART-7f98628e79,1,2025-03
tubo de 22,ML TUBO 22*1.2MM INOX PRENSAR 316L,ART-1c47b7802f,1,2025-05
tubo de 22 inospres,ML TUBO 22*1.2MM INOX PRENSAR 316L,ART-1c47b7802f,1,2025-03
tubo de 28,ML TUBO 28*1.2MM INOX PRENSAR 316L,ART-898b85b74c,1,2025-03
tubo de 28 inospres,ML TUBO 28*1.2MM INOX PRENSAR 316L,ART-898b85b74c,1,2025-03
tubo de inox de 316 de n80,ML TUBO DN80 Ø85 INOX316L PULIDO ALIMENTACION DIN E=2MM ML,ART-b14f05cf35,1,2025-03
tubo de hierro cuadrado de 40x40 en 2 de espesor,"ML CUADRADILLO 40*40*2 HIERRO (2,48kg/m)",ART-385e48ff58,34,2025-11
tubo de hierro cuadrado de 40x40 en 2 de espesor para el almacen,"ML CUADRADILLO 40*40*2 HIERRO (2,48kg/m)",ART-385e48ff58,1,2025-03
tubo de hierro sin soldadura de 1,ML TUBO 11/2 NEGRO SIN SOLDADURA UNE-EN 10255 habitual (DIN2440),ART-2c31e1f194,1,2025-03
tubo de hierro sin soldadura de 2 pulgadas,ML TUBO 2 NEGRO SIN SOLDADURA UNE-EN 10255 habitual (DIN2440),ART-4fba2ddb6e,1,2025-03
tubo de media inox 316 schedule 10,"ML TUBO SCH10 21,3 (1/2) INOX316L SOLDADO",ART-59714377c2,1,2025-03
tubo de media galva de 20cm,ML TUBO 1/2 GALVA ROSCADO UNE-EN 10255,ART-7d3212c3a0,1,2025-03
tubo de poliuretano azul de diametro 10 milimetros,ML TUBO 10MM POLIURETANO AZUL FLEXIBLE 70ºC 12BAR (100mts) LEGRIS,ART-b32b859e9b,3,2025-06
tubo de silicona,SILICONA GRIS 310ML CARTUCHO PQ,ART-d46d4c883a,1,2025-03
tubo en 304 diametro 60,"ML TUBO 60,3 (2) INOX304 ISO 2MM",ART-ac1c7c62e1,1,2025-03
tubo galva 1,ML TUBO 11/2 GALVA ROSCADO UNE-EN 10255,ART-f95458ed98,1,2025-03
tubo inox 304 diametro 88,"ML TUBO 88,9 (3) INOX304 ISO MATE 2MM",ART-264efc9b0b,1,2025-03
tubo inox 304x4 pulgadas,"ML TUBO 114,3 (4) INOX304 ISO MATE 2MM",ART-d0e6947c39,2,2025-11
tubo inox 316,"ML TUBO 88,9 (3) INOX316L ISO 2MM",ART-a71078cc2a,1,2025-03
tubo inox de 60,"ML TUBO 60,3 (2)INOX316L ISO 2MM",ART-a97589ae8a,1,2025-03
tubo inox de calidad 304,"ML TUBO 33,7 (1) INOX304 ISO 2MM",ART-a88756292c,1,2025-03
tubo inoxpress de 15,ML TUBO 15*1MM INOX PRENSAR 316L,ART-a0588ac310,1,2025-03
tubo inoxpress de 22,ML TUBO 22*1.2MM INOX PRENSAR 316L,ART-1c47b7802f,1,2025-03
tuerca dn25 inox,TUERCA DIN DN25 Ø29 INOX304 ALIMENTACION DIN,ART-bc32bc1ff5,1,2025-03
tuerca dn50 inox,TUERCA DIN DN50 Ø53 INOX304 ALIMENTACION DIN,ART-f485e47e40,2,2025-11
tuerca dn80,TUERCA DIN DN80 Ø85 INOX304 ALIMENTACION DIN,ART-bd91b9bdb4,1,2025-03
tuerca de union de 1 pulgada inoxidable,TUERCA UNION 1 INOX ROSCAR MH,ART-47d26a6189,2,2025-06
tuerca loca de media de 18 en inoxpress,ENLACE TUERCA LOCA 18-1/2 INOX PRENSAR,ART-4a391840c1,1,2025-03
tuerca union hembra inox 1 pulgada,TUERCA UNION 1 INOX ROSCAR H,ART-a398c899db,1,2025-03
tuerca union inox hembra de una pulgada,TUERCA UNION 1 INOX ROSCAR H,ART-a398c899db,1,2025-03
tuerca union macho hembra inox 1 pulgada,TUERCA UNION 1 INOX ROSCAR MH,ART-47d26a6189,1,2025-03
tuerca 16mm,TUERCA M16 ZINCADO DIN 934,ART-2a38d1db2e,1,2025-03
tuerca m16 zinc,TUERCA M16 ZINCADO DIN 934,ART-2a38d1db2e,1,2025-03
tuerca de union de 1 pulgada macho hembras,TUERCA UNION 1 NEGRO MH,ART-c0140f6b07,2,2025-06
tuerca inox 10mm,TUERCA M10 INOX DIN 934,ART-cd84656554,4,2025-10
tuerca m12 inox,TUERCA M12 INOX DIN 934,ART-52809a5038,1,2025-03
tuerca metrica 10 inox,TUERCA M10 INOX DIN 934,ART-cd84656554,1,2025-03
tuerca metrica 12 inox,TUERCA M12 INOX DIN 934,ART-52809a5038,1,2025-03
tuerca metrica 16,TUERCA M16 ZINCADO DIN 934,ART-2a38d1db2e,1,2025-03
tuerca metrica 20 zinc,TUERCA M20 ZINCADO DIN 934,ART-d27b6283d6,1,2025-03
tuerca metrica 8 inox,TUERCA M8 INOX DIN 934,ART-657e98b27f,2,2025-11
tuerca union macho hembra 3 cuartos negras,TUERCA UNION 3/4 NEGRO MH,ART-fd34ab15d9,1,2025-03
te de laton de media,TE 1/2 LATON,ART-4b1ab769b7,1,2025-03
codo 90 grados inox press diametro 15,CODO 15 INOX PRENSAR 90 H,ART-5f3f1cb747,1,2025-03
enlace mixto de hembra un cuarto a diametro 15 inox press,MAMELON 1/2-1/4 INOX ROSCAR MH,ART-e46749c099,1,2025-03
metro de tubo inox press diametro 15,ML TUBO 15*1MM INOX PRENSAR 316L,ART-a0588ac310,1,2025-03
t inox press diametro 15,TE 15 INOX PRENSAR,ART-892f470344,1,2025-03
vaina de laton de 10cm,VAINA 10 CMS LATON P/TERMOMETROS O SONDAS,ART-60f1502564,1,2025-03
varilla lisa de 6 inox,"ML VARILLA MACIZA Ø6 INOX304 (0,222 KG/M)",ART-03dc92b138,1,2025-03
varilla roscada zincada metrica 10mm,VARILLA ROSCADA M10 ZINCADO DIN 975,ART-8c311a8025,1,2025-03
varilla roscadas m10,VARILLA ROSCADA M10 ZINCADO DIN 975,ART-8c311a8025,1,2025-03
valvula de media macho hembra,VALVULA BOLA 1/2 LATON MH PN30 PALANCA,ART-3fb1d5dabd,2,2025-06
valvula de reteccion york 3 octavos,VALVULA RETENCION 3/8 YORK,ART-10ea8ace61,1,2025-03
valvula de una pulgada macho hembra,VALVULA BOLA 1 LATON MH PN30 PALANCA,ART-f91ebf552b,1,2025-03
valvula desague con valvula pvc diametro 40,S-90 SIFON VALVULA LAVABO/BIDE 11/2,ART-1538d96ea3,1,2025-03
valvula inox,VALVULA BOLA 1 INOX316 ROSCAR H PN63,ART-86b15c7a0d,1,2025-03
valvula inox,VALVULA BOLA 11/2 INOX316 ROSCAR H PN63,ART-4a089f0e4f,1,2025-03
valvula inox,VALVULA BOLA 3/4 INOX316 ROSCAR H PN63,ART-e074777694,1,2025-03
valvula inox de media hembra,VALVULA BOLA 1/2 INOX316 ROSCAR H PN63,ART-c835c1928a,1,2025-03
valvula macho soldar dn25 inox,VALVULA MARIPOSA DN25 Ø29 M/S INOX316 ALIMENTACION DIN,ART-936bd5e0d2,1,2025-03
valvula de bola de 1 pulgada hembras,VALVULA BOLA 1 LATON H PN30 PALANCA,ART-518c65d95e,2,2025-06
valvula de bola de 3 cuartos,VALVULA BOLA 3/4 LATON H PN30 PALANCA,ART-d6c54dedc7,2,2025-06
valvula de bola de media,VALVULA BOLA 1/2 LATON H PN30 PALANCA,ART-edd70c3f92,2,2025-06
valvula de bola de media de laton,VALVULA BOLA 1/2 LATON H PN30 MARIPOSA,ART-5fbc283404,1,2025-05
valvula de bola de media macho hembras,VALVULA BOLA 1/2 LATON MH PN30 PALANCA,ART-3fb1d5dabd,1,2025-03
valvula de diametro 8 de legris,VALVULA 8 LEGRIS,ART-df089bb9b0,3,2025-06
valvula de media de macho hembra,VALVULA BOLA 1/2 LATON MH PN30 PALANCA,ART-3fb1d5dabd,10,2025-11
valvula inox,VALVULA BOLA 11/4 INOX316 ROSCAR H PN63,ART-225cbbc214,1,2025-03
valvula inox,VALVULA BOLA 2 INOX316 ROSCAR H PN63,ART-b4b168e389,1,2025-03
angulo,ML ANGULO 150*50*1 ALUMINIO LACADO BLANCO,ART-546ad61d73,1,2025-03
angulo,"ML ANGULO 35*35*3 INOX304 (1,67KG/M)",ART-b5bffcaf60,1,2025-03
angulo de 50 de hierro,ML ANGULO 50*50*5 HIERRO (3.92KG/M),ART-45ff67a1a2,1,2025-03
angulo de hierro 50x50,ML ANGULO 50*50*5 HIERRO (3.92KG/M),ART-45ff67a1a2,2,2025-03
arandela cincada metrica 16,ARANDELA M16 ZINCADO DIN125,ART-bef50e2d61,1,2025-04
curva inox 304 diametro 603,"CODO 60,3 (2) INOX304 ISO",ART-235b914070,1,2025-04
metro de tubo en 304 diametro 603 espesor 2,"ML TUBO 60,3 (2)INOX316L ISO 2MM",ART-a97589ae8a,1,2025-04
metro inox en 304 diametro 1143,"ML TUBO 114,3 (4) INOX304 ISO MATE 2MM",ART-d0e6947c39,1,2025-04
metro tubo galva 15,ML TUBO 11/2 GALVA ROSCADO UNE-EN 10255,ART-f95458ed98,1,2025-04
t galva 15,TE 11/2 GALVA,ART-4951928ad8,1,2025-04
caja de electrodo de hierro de 25mm,"PAQUETE ELECTRODO 2,5 HIERRO 7018 (4,7kg)",ART-6bb66ceb6d,1,2025-04
pegatina para brida electricista,BASE BRIDA NYLON 27X27 BIDIRECCIONAL NEGRO CON ADHESIVO,ART-5e5e0112c3,1,2025-04
tubo de polietileno 63,ML TUBO 63 POLIETILENO AGRICOLA PN4,ART-57709ba796,1,2025-05
codo de polietileno de 63,CODO 63 POLIETILENO 90,ART-353e295d2b,1,2025-05
junta de dn80 de grafito,JUNTA DN80 2MM GRAFITO PARA VAPOR,ART-4ba74589fb,1,2025-05
tornillo metrica 16x60,TORNILLO HEXAGONAL M16*60 ZINC 6.8 DIN 931 (caja=20uds),ART-5a7fe4599d,1,2025-05
tuerca metrica 16 las dos encincadas,TUERCA M16 ZINCADO DIN 934,ART-2a38d1db2e,1,2025-05
codo de inox prensar de 28,CODO 28 INOX PRENSAR 45 H,ART-3ba9de4fe5,1,2025-05
manguito de inox prensar de 35,MANGUITO 35 INOX PRENSAR H,ART-1d3931fc65,1,2025-05
codo de legris de 16,CODO 16 LEGRIS,ART-7a2def88b7,1,2025-05
codo de soldar de 761,"CODO 76,1 (21/2) INOX316L ISO",ART-bfe7ee1497,1,2025-05
tubo de 761 inox 316,"ML TUBO 76,1 (21/2) INOX316L ISO 2MM",ART-52c94ddfbc,1,2025-05
abrazadera isofonica de 35,ABRAZADERA ISOFONICA 35 1 REFORZADA M8/10,ART-e614021cca,8,2025-11
taco de 10,TACO 10 PLASTICO 4 SEGMENTOS,ART-fb9d671f81,1,2025-05
codo de forjado de 3 pulgadas,CURVA 3 FORJADO 3R 90º,ART-0146b82444,1,2025-05
brida de dn100 de aluminio,"BRIDA DN100 ALUMINIO Ø114,3 PN16 DIN-2642",ART-32b5a1b38e,1,2025-05
brida de dn80 de aluminio,"BRIDA DN80 ALUMINIO Ø88,9 PN16 DIN-2642",ART-23e1f3c84e,1,2025-05
brida de dn65 de aluminio,"BRIDA DN65 ALUMINIO Ø76,1 PN16 DIN-2642",ART-4770a4048f,1,2025-05
codo de 1143 inox en 304,"CODO 114,3 (4) INOX304 ISO",ART-43efbd74a7,1,2025-05
codo de 761 inox en 304,"CODO 76,1 (21/2) INOX304 ISO",ART-e34a4e8b9c,1,2025-05
codo 889 inox 304,"CODO 88,9 (3) INOX304 ISO",ART-fe3ff0fd09,1,2025-05
tubo inox 1143 en 304,"ML TUBO 114,3 (4) INOX304 ISO MATE 2MM",ART-d0e6947c39,1,2025-05
tubo de 761 inox en 304,"ML TUBO 76,1 (21/2) INOX304 ISO MATE 2MM",ART-d04bf2e496,1,2025-05
tubo de 889 inox en 304,"ML TUBO 88,9 (3) INOX304 ISO MATE 2MM",ART-264efc9b0b,1,2025-05
te de 761 inox en 304,"TE 76,1 (21/2) INOX304 ISO",ART-bdd22de19f,1,2025-05
balona de 1143 inox en 304,"VALONA 114,3 (4) INOX304 ISO",ART-aac3d34682,1,2025-05
valvula wafer de 4 pulgadas mariposa lenteja inox,VALVULA MARIPOSA DN100 WAFER LENTEJA INOX EPDM FUNDICION NODULAR,ART-e3323bf0e8,1,2025-05
curva de 3 pulgadas forjada,CURVA 3 FORJADO 3R 90º,ART-0146b82444,1,2025-05
valvula wafer de 4 pulgadas lenteja inox,VALVULA MARIPOSA DN100 WAFER LENTEJA INOX EPDM FUNDICION NODULAR,ART-e3323bf0e8,1,2025-05
valvula wafer dn100 lenteja inox,VALVULA MARIPOSA DN100 WAFER LENTEJA INOX EPDM FUNDICION NODULAR,ART-e3323bf0e8,1,2025-05
brida dn65 de aluminio,"BRIDA DN65 ALUMINIO Ø76,1 PN16 DIN-2642",ART-4770a4048f,1,2025-05
brida dn80 de aluminio,"BRIDA DN80 ALUMINIO Ø88,9 PN16 DIN-2642",ART-23e1f3c84e,1,2025-05
balona de 84mm inox 304,VALONA 84 INOX304 MILIMETRICO,ART-a9069ad590,1,2025-05
codo de inox prensar 35mm,CODO 35 INOX PRENSAR 90 H,ART-97a1a89538,1,2025-05
codo de laton de 2 pulgadas,CODO 2 LATON HH,ART-ba38e13b5a,1,2025-05
manguito de laton de media pulgada,MANGUITO 1/2 LATON HH,ART-c11d88c445,1,2025-05
cobre de 22,ML TUBO 22 COBRE,ART-1effe35f28,1,2025-05
manguito de cobre de 22,MANGUITO 22 COBRE,ART-21e689ed25,1,2025-05
abrazadera isofonica de 28,ABRAZADERA ISOFONICA 28 3/4 REFORZADA M8/10,ART-12a5886b6e,8,2025-11
codo de 3 pulgadas,CURVA 3 FORJADO 3R 90º,ART-0146b82444,1,2025-05
codo de 889 inox 304,"CODO 88,9 (3) INOX304 ISO",ART-fe3ff0fd09,1,2025-05
balona de 761 inox 304,"VALONA 76,1 (21/2) INOX304 ISO",ART-733ff4ffbe,1,2025-05
te de 2191 inox 316,"TE 219,1 (8) INOX316L ISO",ART-41e88e44d7,1,2025-05
valvula wafer de 8 pulgadas de mariposa lenteja inox,VALVULA MARIPOSA DN200 WAFER LENTEJA INOX EPDM FUNDICION NODULAR,ART-7ae93ab0bc,1,2025-05
codo de laton de 1 pulgada,CODO 1 LATON HH,ART-ff6f657b65,1,2025-05
manguito mixto de 351 inox prensar,MANGUITO MIXTO 35-1 INOX PRENSAR H,ART-8e40437018,1,2025-05
brida de dn50 plana de hierro,BRIDA DN50 HIERRO PLANA PN16 DIN2576,ART-76eddfa9b2,1,2025-05
balona de 531 inox 304,VALONA 53 INOX304 MILIMETRICO,ART-5233ef3c34,1,2025-05
codo de aluminio de transair de 40,CODO 40 AIRCOM 90 -TIPO TRANSAIR-,ART-62c71094c0,1,2025-05
enlace mixto de 1 pulgada a 28,MANGUITO MIXTO 28-1 INOX PRENSAR M,ART-46188e80f2,1,2025-05
t reducida de 1 pulgada a media pulgada negro,TE RED 1-1/2-1 NEGRO,ART-bb3869a513,1,2025-05
rosca doble de 1 pulgada negro,ROSCA DOBLE 1 NEGRO,ART-a0b84d6275,1,2025-05
soporte de carril 21x150,"SOPORTE PERFORADO 41/21 150 E2,5 STRUT",ART-e2d0b7dfc9,1,2025-05
tornillo de carril 8x40,TORNILLO CARRIL STRUT M8X40,ART-b5a5a14959,1,2025-05
abrazadera isofonica de 22,ABRAZADERA ISOFONICA 22 1/2 REFORZADA M8/10,ART-05bf0431d5,2,2025-11
mamelon de laton de 1 14 a 1,MAMELON 11/4-1 LATON,ART-9fdbd0b1d4,1,2025-05
codo macho hembra de laton de 1 pulgada,CODO 1 LATON MH,ART-77cbc2e4bf,1,2025-05
rosca doble de laton de 1 pulgada,ROSCA DOBLE 1 LATON,ART-ed555f7451,3,2025-11
valvula macho hembra de media pulgada de mariposa,VALVULA BOLA 1/2 LATON H PN30 MARIPOSA,ART-5fbc283404,1,2025-05
codo y nos pres 45 grados hembra,CODO 54 INOX PRENSAR 45 H,ART-76b69595c7,1,2025-05
codo inoxpress 45o hembra diametro 54,CODO 54 INOX PRENSAR 45 H,ART-76b69595c7,1,2025-05
codo inoxpress 90o hembra diametro 54,CODO 54 INOX PRENSAR 90 H,ART-5ca5bb0828,1,2025-05
tubo inoxpress de 54,ML TUBO 54*1.5MM INOX PRENSAR 316L,ART-1641c25cbb,1,2025-05
aluminio de 15 en 30,"ML RECUBRIMIENTO ACABADO 48 30MM 0,6 ALUMINIO",ART-35fa3d2b0f,1,2025-05
centralizador de 300 por 50,CENTRALIZADOR 300X40X50,ART-6a79aa427d,1,2025-05
abrazadera isofonica de 54 metrica 810,ABRAZADERA ISOFONICA 54 REFORZADA M8/10,ART-8ce66dce44,1,2025-05
filtro de 2 pulgadas de laton,FILTRO 2 LATON 0-100ºC 16BAR EN Y DOBLE MALLA P/AGUA,ART-020bf6e626,1,2025-05
valvula de compuerta de 2 pulgadas de laton,VALVULA COMPUERTA 2 LATON CIERRE GOMA,ART-336982a5ac,1,2025-05
taco de plastico de metrica 10,TACO 10 PLASTICO 4 SEGMENTOS,ART-fb9d671f81,1,2025-05
antivibratorio roscado de 15,MANGUITO ANTIVIBRATORIO 11/2 GOMA ROSCADO,ART-b9b25bc02d,1,2025-05
reduccion din dn40 dn50,REDUCCION DN50 Ø53-DN40 Ø41 INOX PULIDO 316L ALIMENTACION DIN,ART-55b4d17207,1,2025-05
tubo inox 48 por 2 en inox 304,"ML TUBO 48,3 (11/2) INOX304 ISO MATE 2 MM",ART-9c697b3244,1,2025-05
rosca doble de galva de 2 pulgadas,ROSCA DOBLE 2 GALVA,ART-8d925d2e04,1,2025-05
codo de soldar inox de 48 por 2,"CODO 48,3 (11/2) INOX304 ISO",ART-c82574d266,1,2025-05
punta roscada inox de 15,PUNTA ROSCADA 11/2 INOX ROSCAR,ART-798bce060e,1,2025-05
reduccion de 28 a 22 inosprez,REDUCCION 28-22 INOX PRENSAR,ART-1f4418f150,1,2025-05
tee negra de 1 a 15 a 1 pulgada reducida,TE RED 1-1/2-1 NEGRO,ART-bb3869a513,1,2025-05
soporte carril 21 x 150,"SOPORTE PERFORADO 41/21 150 E2,5 STRUT",ART-e2d0b7dfc9,1,2025-05
tornillo carril 8 x 40,TORNILLO CARRIL STRUT M8X40,ART-b5a5a14959,1,2025-05
mamelon de laton de 1 a 125 a 1 pulgada,MAMELON 11/4-1 LATON,ART-9fdbd0b1d4,1,2025-05
codo macho hembra de laton 1 pulgada,CODO 1 LATON MH,ART-77cbc2e4bf,1,2025-05
rosca doble de laton 1 pulgada,ROSCA DOBLE 1 LATON,ART-ed555f7451,1,2025-05
valvula macho hembra de media de mariposa,VALVULA BOLA 1/2 LATON H PN30 MARIPOSA,ART-5fbc283404,1,2025-05
mamelon de 1 14 a 1 12 de laton,MAMELON 11/4-1/2 LATON,ART-386505b070,1,2025-06
juego de raccord de 2 pulgadas fundido,JUEGO RACORES 2 FUNDIDO PARA BOMBA CALEFACCION,ART-ee6783e756,1,2025-06
codo de 1 14 de laton macho hembra,CODO 1/4 LATON MH,ART-4f0b5e49ff,1,2025-06
codo inox prensar 90o hembra,CODO 22 INOX PRENSAR 90 H,ART-79e014a3a4,1,2025-06
codo 22 inox prensar 90o macho hembra,CODO 22 INOX PRENSAR 90 MH,ART-374a7adc47,1,2025-06
soporte perforado 41 barra 41 por 300,"SOPORTE PERFORADO 41/41 300 E2,5 STRUT",ART-1c25e462d9,1,2025-06
tubo de inox prensar 22,ML TUBO 22*1.2MM INOX PRENSAR 316L,ART-1c47b7802f,1,2025-06
codo de inox prensar de 35 a 90 grados hembra,CODO 35 INOX PRENSAR 90 H,ART-97a1a89538,1,2025-10
valvula de palanca de 1 pulgada hembra,VALVULA BOLA 1 LATON MH PN30 PALANCA,ART-f91ebf552b,1,2025-10
manguito mixto de 35 a 1 pulgada inox prensar,MANGUITO MIXTO 35-1 INOX PRENSAR M,ART-4a11948bf0,1,2025-10
te de 35 de inox prensar,TE 35 INOX PRENSAR,ART-4a4fdb13d1,1,2025-10
manguito de 54 de inox prensar,MANGUITO 54 INOX PRENSAR H,ART-b6704c3073,1,2025-10
tubo de 35 de inox prensar,ML TUBO 35*1.5MM INOX PRENSAR 316L,ART-a9cb3229f6,1,2025-10
codo de 28 a 90 grados macho hembra inox prensar,CODO 28 INOX PRENSAR 90 MH,ART-4b73f476de,1,2025-10
reduccion 5442 inox prensar,REDUCCION 54-42 INOX PRENSAR,ART-0f206d94ce,1,2025-10
tubo de spiroflex de 250,ML ESPIROFLEX 250,ART-66988d7015,1,2025-10
abrazadera isofonica de 54,ABRAZADERA ISOFONICA 54 REFORZADA M8/10,ART-8ce66dce44,2,2025-11
t de 35 innospress,TE 35 INOX PRENSAR,ART-4a4fdb13d1,1,2025-10
caja de tacos de 12 de plastico,TACO 12 PLASTICO 4 SEGMENTOS,ART-3423362a20,1,2025-10
tuerca m12,TUERCA M12 ZINCADO DIN 934,ART-c67493f46e,1,2025-10
arandela m12,ARANDELA M12 ZINCADO DIN125,ART-21d0e039a7,1,2025-10
manguito de varilla roscada m12,MANGUITO M12*35 ZINCADO HEXAGONAL P/VARILLA ROSCADA,ART-d7a473b81f,1,2025-10
t mixta de 35 a media innoxpressar,TE MIXTA 35-1/2 INOX PRENSAR H,ART-d6ee372c80,1,2025-10
rosca doble de laton de 1 pulgada a 1 y cuarto,ROSCA DOBLE RED 11/4-1 LATON,ART-c4c97c2fe2,1,2025-10
codo de 35 a 1 y cuarto innoxpress hembra,CODO MIXTO 35-11/4 INOX PRENSAR 90 H,ART-d389a090e4,1,2025-10
valvula palanca 1 y cuarto,VALVULA BOLA 11/4 LATON H PN30 PALANCA,ART-632f3b2a26,1,2025-10
valvula palanca tres cuartos,VALVULA BOLA 3/4 LATON H PN30 PALANCA,ART-d6c54dedc7,1,2025-10
rosca doble de laton de 1 y cuarto a tres cuartos de laton,ROSCA DOBLE RED 3/4-1/2 LATON,ART-3a3e341c8d,1,2025-10
codo de innospress de 35mm,CODO 35 INOX PRENSAR 90 H,ART-97a1a89538,1,2025-10
tubo de innospress de 35mm,ML TUBO 35*1.5MM INOX PRENSAR 316L,ART-a9cb3229f6,1,2025-10
manual casquillo din dn40 41 inox316l alimenta,CASQUILLO DIN DN40 Ø41 INOX316L ALIMENTACION DIN,ART-2579a99a7a,1,2025-10
clamp din 25mm,"ABRAZADERA CLAMP DN25, DN32, DN40, 1 (25,4MM), 11/2 (38,1MM) INOX304 ALIMENTACION DIN",ART-c4f8547f69,1,2025-10
tuerca de union inox macho hembra de media,TUERCA UNION 1/2 INOX ROSCAR MH,ART-eb44d68963,1,2025-10
reduccion de inoxidable dn20xdn25,REDUCCION DN25 Ø29-DN20 Ø23 INOX PULIDO 316L ALIMENTACION DIN,ART-8871b201e6,1,2025-10
brida de aluminio para tubo de 603,"BRIDA DN50 ALUMINIO Ø60,3 PN16 DIN-2642",ART-e6fdd88056,1,2025-10
balona inos 316l de 2 pulgadas,ABARCON 2 INOX316L,ART-f92866f76e,1,2025-10
punta roscada inos de 2 pulgadas,PUNTA ROSCADA 1 INOX ROSCAR,ART-a514a2fe86,1,2025-10
codo inoxidable 90o roscado macho hembra de 2 pulgadas,CODO 1/2 INOX ROSCAR 90 H,ART-213340439a,1,2025-10
codo inos 316l de 603 x 2,"CODO 60,3 (2) INOX316L ISO",ART-ed6b1347c0,1,2025-10
tubo inos de 316l de 603 x 2,"ML TUBO 60,3 (2)INOX316L ISO 2MM",ART-a97589ae8a,1,2025-10
abrazadera inox de 603 x 2,ABRAZADERA PARED 80 INOX-INOX,ART-c4d93729bf,1,2025-10
balona inox de 2 pulgadas 603 316l,"VALONA 60,3 (2) INOX316L ISO",ART-787ef384fb,1,2025-11
codo inox de 603 x 2 de 316,"CODO 60,3 (2) INOX316L ISO",ART-ed6b1347c0,1,2025-11
tubo de 603 x 2 de 316 inox,"ML TUBO 60,3 (2)INOX316L ISO 2MM",ART-a97589ae8a,1,2025-11
brazadera inox de 603,ABRAZADERA REFORZADA 60 2 INOX M8/10,ART-d4065be22c,1,2025-11
tornillo inox metrica 16 x 60,TORNILLO HEXAGONAL M16*60 INOX A2 DIN 931,ART-b5b51e915a,1,2025-11
tuerca inox metrica 16 x 60,TUERCA M16 INOX DIN 934,ART-869bc0ead5,1,2025-11
arandela inox metrica 16 x 60,ARANDELA M16 INOX DIN125,ART-9a0f5d25ea,1,2025-11
junta de teflon de 2 pulgadas,JUNTA 2 TEFLON,ART-2f607b4d1a,1,2025-11
manual brida dn50 aluminio 603 pn16 din2642,"BRIDA DN50 ALUMINIO Ø60,3 PN16 DIN-2642",ART-e6fdd88056,1,2025-11
manual codo 2 inox roscar 90 mh,CODO 2 INOX ROSCAR 90 MH,ART-a2d96cde7f,1,2025-11
manual junta dn50 2mm carton pagua f202 verde,JUNTA DN50 2MM CARTON P/AGUA F.202 VERDE,ART-6152be4413,1,2025-11
tuerca inox metrica 6 autoblocante,TUERCA AUTOBLOCANTE M6 INOX DIN 934,ART-57a9405903,1,2025-11
tuerca inox de metrica 8,TUERCA M8 INOX DIN 934,ART-657e98b27f,1,2025-11
arandela inox de metrica 8,ARANDELA M8 INOX DIN125,ART-67297ff1d1,1,2025-11
arandela inox metrica 8 agregada,ARANDELA M8 INOX ALA ANCHA DIN9021,ART-9f0b9ee5fd,1,2025-11
junta din de dn25,JUNTA DIN DN25 Ø29 EPDM NEGRA 130ºC ALIMENTACION DIN,ART-a2977728d0,1,2025-11
junta clamp de dn20,JUNTA CLAMP DN20 Ø23 EPDM NEGRA 130ºC ALIMENTACION DIN,ART-f5b09c23de,1,2025-11
abrazadera clamp dn20,"ABRAZADERA CLAMP DN10, DN15 Y DN20 INOX304 ALIMENTACION DIN",ART-b16709fe6c,1,2025-11
manual tornillo hexagonal m616 inox a2 din 933,TORNILLO HEXAGONAL M6*16 INOX A2 DIN 933,ART-52374e42dc,1,2025-11
manual abrazadera dn2022mm soporte inox304 ali,ABRAZADERA DN20-22MM SOPORTE INOX304 ALIMENTACION DIN,ART-3ed9b7b357,1,2025-11
tornillo hexagonal inoxidable metrica 6x20,TORNILLO HEXAGONAL M6*20 INOX A2 DIN 933,ART-fd17547c9d,1,2025-11
tuerca inoxidable autoblocante metrica 6,TUERCA AUTOBLOCANTE M6 INOX DIN 934,ART-57a9405903,1,2025-11
arandela inoxidable de ala ancha de metrica 6,ARANDELA M6 INOX ALA ANCHA DIN9021,ART-21e5e604b0,1,2025-11
perfil strut 41 x 41,ML PERFIL 90*90,ART-7253913890,1,2025-11
perfil strut 41 x 21,ML PERFIL 90*90,ART-7253913890,1,2025-11
tornillo carril metrica 8 x 50,TORNILLO CARRIL STRUT M8X40,ART-b5a5a14959,1,2025-11
abrazadera inoxidable metrica 8 x 10 diametro 28,ABRAZADERA REFORZADA 22 1/2 INOX M8/10,ART-b24b0d5f2e,1,2025-11
abrazadera de inoxidable metrica 8 x 10 diametro 22,ABRAZADERA REFORZADA 22 1/2 INOX M8/10,ART-b24b0d5f2e,1,2025-11
taco de plastico de diametro 10,TACO 10 PLASTICO 4 SEGMENTOS,ART-fb9d671f81,1,2025-11
tornillo goloso metrica 8 x 50,TORNILLO GOLOSO 8*50 CABEZA HEXAGONAL DIN571,ART-b5c2f41f33,1,2025-11
manguito inoxidable de 3 cuartos,MANGUITO 3/4 INOX ROSCAR H,ART-4d61af52ba,1,2025-11
mamelon inoxidable media por 3 cuartos,MAMELON 3/4-1/2 INOX ROSCAR MH,ART-3282278404,1,2025-11
enlace legris macho de media por 14,ENLACE RECTO 14-1/2 M rosca BSP LEGRIS,ART-c03f70ef25,1,2025-11
manual ml tubo 14mm poliuretano azul flexible 7,ML TUBO 14MM POLIURETANO AZUL FLEXIBLE 70ºC 12BAR (100mts) LEGRIS,ART-ca0579de9d,1,2025-11
manual ml coquilla 2834 caucho 25mm,ML COQUILLA 28-3/4 CAUCHO 25MM,ART-8fef88deb9,1,2025-11
rollo de carton,ROLLO 25MTS X 90CM CARTON PARA PROTECCION DE SUELOS 200GR,ART-4ee4454623,1,2025-11
tornillo inox de metrica 10x40,TORNILLO ALLEN M10*40 INOX,ART-5c93dc3d04,1,2025-11
manual ml cuadradillo [order-ref] inox304 tubo cuad,ML CUADRADILLO 80*80*2 INOX304 TUBO CUADRADO,ART-38eb14234f,1,2025-11
manual ml cuadradillo [order-ref] inox304 tubo cuad,ML CUADRADILLO 60*60*2 INOX304 TUBO CUADRADO,ART-5471bb3cd7,1,2025-11
rosca doble de 3 cuartos a media inox,ROSCA DOBLE RED 3/4-1/2 INOX ROSCAR,ART-bd6df74eb6,1,2025-11
codo de 28 a 90 grados macho hembra inoxpress,CODO 28 INOX PRENSAR 90 MH,ART-4b73f476de,1,2025-11
codo de 22 a 90 grados macho hembra inoxpress,CODO 22 INOX PRENSAR 90 MH,ART-374a7adc47,1,2025-11
manguito de 22 inoxpress,MANGUITO 22 INOX PRENSAR H,ART-16413fb2b5,1,2025-11
rosca doble de 3 cuartos a media de laton,ROSCA DOBLE RED 3/4-1/2 LATON,ART-3a3e341c8d,1,2025-11
tubo de 28 inoxpress,ML TUBO 28*1.2MM INOX PRENSAR 316L,ART-898b85b74c,2,2025-11
tubo de 22 inoxpress,ML TUBO 22*1.2MM INOX PRENSAR 316L,ART-1c47b7802f,2,2025-11
manual codo mixto 2234 inox prensar 90 h,CODO MIXTO 22-3/4 INOX PRENSAR 90 H,ART-c30407b0e8,1,2025-11
brida dn25 inox,"BRIDA DN25 INOX316L Ø33,7 PLANA PN16 DIN-2576",ART-b24064d322,1,2025-11
junta dn25 carton,JUNTA DN25 2MM CARTON P/AGUA F.202 VERDE,ART-90de11b012,1,2025-11
reduccion de dn50 a dn32 inox,REDUCCION DN50 Ø53-DN32 Ø35 INOX PULIDO 316L ALIMENTACION DIN,ART-1dbf498db2,1,2025-11
t337 inox 316,"TE 33,7 (1) INOX316L ISO",ART-c0685134a8,1,2025-11
codo 337 inox 316,"CODO 33,7 (1) INOX316L ISO",ART-c4387b38dd,1,2025-11
casquillo dn32 inox,CASQUILLO DIN DN32 Ø35 INOX316L ALIMENTACION DIN,ART-79dfbdf3e8,1,2025-11
tuerca dn32 inox,TUERCA DIN DN25 Ø29 INOX304 ALIMENTACION DIN,ART-bc32bc1ff5,1,2025-11
macho dn32 inox,MACHO DIN DN32 Ø35 INOX316L ALIMENTACION,ART-ee3bf5deef,1,2025-11
junta dn32,JUNTA DIN DN32 Ø35 EPDM NEGRA 130ºC ALIMENTACION DIN,ART-b4d8b5a2f8,1,2025-11
tubo de 337 inox 316,"ML TUBO 33,7 (1) INOX316L ISO 2MM",ART-690ddb8fe6,1,2025-11
botella de argol,BOTELLA ARGON ARCAL PRIME INTEGRA B33/300,ART-9a322065ff,1,2025-11
varilla roscada cincada de metrica 8,VARILLA ROSCADA M8 ZINCADO DIN 975,ART-58cce46400,1,2025-11
tuerca cincada de metrica 8,TUERCA M8 ZINCADO DIN 934,ART-4acbffb020,1,2025-11
arandela de ala ancha cincada de metrica 10,ARANDELA M10 ZINCADO ALA ANCHA DIN9021,ART-3f25d6c9ed,1,2025-11
manguito de metrica 8,MANGUITO M8*30 ZINCADO HEXAGONAL P/VARILLA ROSCADA,ART-47a71a8d20,1,2025-11
manual dia alquiler plataforma elevadora tijera,DIA ALQUILER PLATAFORMA ELEVADORA TIJERA 12MTS ELECTRICA,ART-2064bb88f5,1,2025-11
manual tornillo tirafondo m840 doble rosca par,TORNILLO TIRAFONDO M8*40 DOBLE ROSCA PARA ABRAZADERA,ART-8c5d80b3f3,1,2025-11
cana dharma flesh de diametro 76 en 25 de espesor,ML COQUILLA 76-21/2 CAUCHO 25MM,ART-ec251fda92,1,2025-11
cana dharma flesh de 35 en 25 milimetros,ML COQUILLA 35-1 CAUCHO 25MM,ART-ab2db3097c,1,2025-11
cana dharma flesh de 54 en 25 milimetros,ML COQUILLA 54 CAUCHO 25MM,ART-3ab8aeacc7,1,2025-11
rollo de cinta dermaflex,ROLLO 15M CINTA 50MM AUTOADHESIVA COQUILLA CAUCHO,ART-1a140d91ec,1,2025-11
brocha numero 24,BROCHA Nº24,ART-699bfc147d,1,2025-11
reduccion 3528 inospres,REDUCCION 35-28 INOX PRENSAR,ART-888fb74642,1,2025-11
codo 28 inospres,CODO 28 INOX PRENSAR 90 H,ART-9c7aa3bc87,1,2025-11
codo 35 inospres,CODO 35 INOX PRENSAR 90 H,ART-97a1a89538,1,2025-11
codo 45 grados de 35 inospres macho hembra,CODO 35 INOX PRENSAR 45 MH,ART-e1dd0cfca5,1,2025-11
balona inox de diametro 1143 x 316,"VALONA 114,3 (4) INOX316L ISO",ART-69655f0da1,1,2025-11
clamp inox316 de dn20,CASQUILLO CLAMP DN20 Ø23 INOX316L ALIMENTACION DIN,ART-6c9a408595,1,2025-11
junta de dn20,JUNTA CLAMP especial DIN11864-3 DN20 Ø23 EPDM NEGRA ALIMENTACION DIN ASEPTICO,ART-d4edacc599,1,2025-11
abrazadera clamp de dn20,"ABRAZADERA CLAMP DN10, DN15 Y DN20 INOX304 ALIMENTACION DIN",ART-b16709fe6c,1,2025-11
reduccion de 25 a 20 de pvc presion,CASQUILLO RED 25-20 PVC PRESION MH,ART-e5069b437b,1,2025-11
tubo de 20 de pvc presion,ML TUBO 20 PVC PRESION 10 BAR,ART-7f98628e79,1,2025-11
bote de hilo,HILO SELLADOR LOCTITE 55 TEFLON 150M,ART-529fb96f8b,1,2025-11
rollo de teflon,"ROLLO TEFLON GRANDE 19*0,2MM 12M ROLLO WURTH",ART-7b21df8526,1,2025-11
manual casquillo red 6340 pvc presion mh,CASQUILLO RED 63-40 PVC PRESION MH,ART-c84603cdf5,1,2025-11
abrida dn100 de hierro de cuello,BRIDA DN100 HIERRO CUELLO PN40 DIN2635,ART-647ca13af3,1,2025-11
arandela metrica 8 ancha inox,ARANDELA M8 INOX ALA ANCHA DIN9021,ART-9f0b9ee5fd,1,2025-11
arandela metrica 6 ancha inox,ARANDELA M6 INOX ALA ANCHA DIN9021,ART-21e5e604b0,1,2025-11
taco de nylon de 8,TACO 8 PLASTICO 4 SEGMENTOS,ART-eb915f9141,1,2025-11
tornillo de metrica 8 por 50 inox,TORNILLO  M8*140 INOX,ART-f6d1d258d4,1,2025-11
manguito alargador de metrica 8 cincado,MANGUITO M8*30 ZINCADO HEXAGONAL P/VARILLA ROSCADA,ART-47a71a8d20,1,2025-11
varilla de metrica 8 inox,VARILLA ROSCADA M8 INOX A2 DIN 975,ART-6edd5071ba,1,2025-11
manual tornillo goloso 650 inox cabeza hexagon,TORNILLO GOLOSO 6*50 INOX CABEZA HEXAGONAL DIN571,ART-41323f7562,1,2025-11
manual tornillo goloso 850 inox cabeza hexagon,TORNILLO GOLOSO 8*50 INOX CABEZA HEXAGONAL DIN571,ART-56b5cd163a,1,2025-11
manual tornillo hexagonal m840 inox a2 din 933,TORNILLO HEXAGONAL M8*40 INOX A2 DIN 933,ART-344211aa6a,1,2025-11
upn de 100,"ML UPN 100 HIERRO (10,87KG/M)",ART-6e4008cdd0,1,2025-11
tuerca inox metrica 10,TUERCA M10 INOX DIN 934,ART-cd84656554,1,2025-11
bote de impremacion gris,"BOTE 0,75LT PINTURA IMPRIMACION KARTPRIMER GRIS COLAMINA",ART-7a27ee5619,1,2025-11
disolvente,DISOLVENTE 1L UNIVERSAL COLAMINA PQ,ART-9590b29fbf,1,2025-11
codo de 18 inox press,CODO 18 INOX PRENSAR 90 H,ART-cd2373cc00,1,2025-11
codo de 18 inox press macho hembra,CODO 18 INOX PRENSAR 90 MH,ART-110ab1d242,1,2025-11
codo 45o de 18 inox press macho hembra,CODO 18 INOX PRENSAR 45 MH,ART-8aa21bd2bb,1,2025-11
tapon roscado de 1 pulgada de laton macho,TAPON 1 LATON M,ART-50765a00e5,1,2025-11
tapon roscado de 2 pulgadas de laton macho,TAPON 2 LATON M,ART-a06cc0c949,1,2025-11
t reducida 35o de 18 inox press,TE RED 35-18-35 INOX PRENSAR,ART-6c98c83b5a,1,2025-11
manual valvula bola 1 inox316 roscar h pn63,VALVULA BOLA 1 INOX316 ROSCAR H PN63,ART-86b15c7a0d,2,2025-11
manual tapon 212 laton h,TAPON 21/2 LATON H,ART-b135cc12ae,1,2025-11
tubo de hierro cuadrado de 40x40x2 de espesor,"ML CUADRADILLO 40*40*2 HIERRO (2,48kg/m)",ART-385e48ff58,2,2025-11
centralizador de 600x50,CENTRALIZADOR 600X40X50,ART-c27c5af9c1,1,2025-11
codo de 22 inoxpress 45o,CODO 22 INOX PRENSAR 45 H,ART-c3b11a796e,1,2025-11
codo de 22 inoxpress 90o,CODO 22 INOX PRENSAR 90 H,ART-79e014a3a4,1,2025-11
tornillo goloso de diametro 8,TORNILLO GOLOSO 8*50 CABEZA HEXAGONAL DIN571,ART-b5c2f41f33,1,2025-11
tornillo rosca chapa diametro 6 autotaladrante,"TORNILLO GOLOSO 6,3*32 CABEZA HEXAGONAL AUTOTALADRANTE",ART-4eb5d07f2d,1,2025-11
arandela ancha metrica 8 cincada,ARANDELA M8 ZINCADO ALA ANCHA DIN9021,ART-aee847d047,1,2025-11
abrazadera isofonica diametro 18,ABRAZADERA ISOFONICA 18 3/8 REFORZADA M8/10,ART-28478359e9,1,2025-11
rollo de teflon pequeno,"ROLLO TEFLON PEQUEÑO 12*0,1MM 12M ROLLO WURTH",ART-66ea30a376,1,2025-11
taco hilti de metrica 16 anclaje macho,ANCLAJE MACHO M16*145 HORMIGON,ART-469981e93d,1,2025-11
manual cesta roscada 1 12 malla inox m p val,"CESTA ROSCADA 1 1/2"" MALLA INOX M P/ VALVULA PIE",ART-33e478d7b4,1,2025-11
valvula lug mariposa lenteja inox dn125,VALVULA MARIPOSA DN125 LUG LENTEJA INOX EPDM FUNDICION NODULAR,ART-fa44d07e81,1,2025-11
tornillo cincado m16x40,TORNILLO HEXAGONAL M16*40 ZINC 6.8 DIN 931(caja=50uds),ART-f0fba831b9,1,2025-11
arandela cincada m16,ARANDELA M16 ZINCADO DIN125,ART-bef50e2d61,1,2025-11
brida plana de soldar de hierro dn125 pn16,BRIDA DN125 HIERRO PLANA PN16 DIN2576,ART-e5adc66fb1,1,2025-11
manual abrazadera isofonica 227 8 superreforzad,ABRAZADERA ISOFONICA 227 8 SUPERREFORZADA M10/12,ART-99b90874b6,1,2025-11
manguito mixto de 18 a media macho inoxpress,MANGUITO MIXTO 35-1 INOX PRENSAR M,ART-4a11948bf0,1,2025-11
codo roscado de media macho hembra inox,CODO 1/2 INOX ROSCAR 90 MH,ART-f89f87ebaa,1,2025-11
codo roscado de media hembra inox,CODO 1/2 INOX ROSCAR 90 H,ART-213340439a,1,2025-11
tubo de 18 inoxpress,ML TUBO 18*1MM INOX PRENSAR 316L,ART-6c93b70200,1,2025-11
valvula de palanca de media de laton tuller,VALVULA BOLA 1/2 LATON H PN30 PALANCA,ART-edd70c3f92,1,2025-11
tapon 1 pulgada laton macho,TAPON 1 LATON H,ART-41ec6698e8,1,2025-11
punta roscada inox de 1 pulgada,PUNTA ROSCADA 1 INOX ROSCAR,ART-a514a2fe86,1,2025-11
llave de palanca de 1 pulgada hembra laton tuller,VALVULA BOLA 1 LATON MH PN30 PALANCA,ART-f91ebf552b,1,2025-11
centralizador de 100x50,CENTRALIZADOR 100*40*50,ART-4d116d479e,1,2025-11
codo de 35 inoxpress 90o macho hembra,CODO 35 INOX PRENSAR 90 MH,ART-928967fc62,1,2025-11
codo de 35 inoxpress 90o hembra,CODO 35 INOX PRENSAR 90 H,ART-97a1a89538,1,2025-11
abarcon de media,ABARCON 1/2 22 M8,ART-d65c0a70f7,1,2025-11
tubo inoxpress de 35,ML TUBO 35*1.5MM INOX PRENSAR 316L,ART-a9cb3229f6,1,2025-11
t de 18 inoxpress,TE 18 INOX PRENSAR,ART-a274b5d817,1,2025-11
codo de 18 inoxpress hembra 90o,CODO 18 INOX PRENSAR 90 H,ART-cd2373cc00,1,2025-11
t inox roscada de media,TE 1/2 INOX ROSCAR,ART-bc2da1cf78,1,2025-11
tornillo hexagonal de metrica 12x40 cincado,TORNILLO HEXAGONAL M12*40 ZINC 6.8 DIN933,ART-fb83ce6605,1,2025-11
litro de imprimacion gris,"BOTE 0,75LT PINTURA IMPRIMACION KARTPRIMER GRIS COLAMINA",ART-7a27ee5619,2,2025-11
rodillo naranja,RECAMBIO MINII-RODILLO 10CM SENCILLO PINTAR VELOUREX NARANJA PENTRILO,ART-2aa4e2b786,1,2025-11
manual chapa base 20020010 hierro c 4 agujer,CHAPA BASE 200*200*10 HIERRO C/ 4 AGUJEROS Ø19 ref: 567026,ART-b6f06933c1,1,2025-11
rollo de cinta de caucho,ROLLO 15M CINTA 50MM AUTOADHESIVA COQUILLA CAUCHO,ART-1a140d91ec,1,2025-11
bote de spray inoxidable,BOTE SPRAY INOXIDABLE 400ML PQ,ART-e7e63f82ea,1,2025-11
purgador dn25 con embridado,PURGADOR BOYA DN25 VAPOR EMBRIDADO FT14HC/4.5-TV SS,ART-4c98d6844f,1,2025-11
coquilla de caucho de 140 en 40 kaflex,ML COQUILLA 140-5 CAUCHO 40MM,ART-09f4933f6a,1,2025-11
codo de aluminio de 5 pulgadas en espesor 40,"RECUBRIMIENTO ACABADO CURVA 33 40MM 90º 0,6 ALUMINIO",ART-f529b19311,1,2025-11
manual ml recubrimiento acabado 140 40mm 08 al,"ML RECUBRIMIENTO ACABADO 140 40MM 0,8 ALUMINIO",ART-a576bbbbd8,1,2025-11
manual recubrimiento acabado injerto 140 40mm 0,"RECUBRIMIENTO ACABADO INJERTO 140 40MM 0,8 ALUMINIO",ART-664be9449f,1,2025-11
codo de tres pulgadas forjado,CURVA 3 FORJADO 3R 90º,ART-0146b82444,1,2025-11
codo de cuatro pulgadas forjado,CURVA 2 FORJADO 3R 90º,ART-6d93a1eaa7,1,2025-11
valvula de mariposa de laton de media pulgada hembra,VALVULA BOLA 1/2 LATON H PN30 MARIPOSA,ART-5fbc283404,1,2025-11
pulgador recto macho,PURGADOR AUTOMATICO 1/2 RECTO,ART-c77217b11c,1,2025-11
pulgador escuadra macho,PURGADOR AUTOMATICO 1/2 ESCUADRA,ART-b8f9be8cda,1,2025-11
codo de laton de media macho hembra,CODO 1/2 LATON MH,ART-f6042839b2,1,2025-11
manual curva 212 forjado 3r 90o,CURVA 21/2 FORJADO 3R 90º,ART-ac8a128624,1,2025-11
manual curva 4 forjado 3r 90o,CURVA 4 FORJADO 3R 90º,ART-31e527df1c,1,2025-11
manual ml tubo 4 negro soldado uneen [order-ref] hab,ML TUBO 4 NEGRO SOLDADO UNE-EN 10255 habitual (DIN2440),ART-8b9ff46667,1,2025-11
manual ml tubo 3 negro soldado uneen [order-ref] hab,ML TUBO 3 NEGRO SOLDADO UNE-EN 10255 habitual (DIN2440),ART-1447fa59c9,1,2025-11
manquito de 22 de innospress,MANGUITO 22 INOX PRENSAR H,ART-16413fb2b5,1,2025-11
valvula de palanca de laton de 1 pulgada tuller,VALVULA BOLA 1 LATON H PN30 PALANCA,ART-518c65d95e,1,2025-11
te de 1 pulgada de laton de roscar,TE 1 LATON,ART-1c5c11ba6d,1,2025-11
valvula de retencion york de 1 pulgada,VALVULA RETENCION 1 YORK,ART-173eb49d22,1,2025-11
filtro de laton en y de 1 pulgada,FILTRO 1 LATON 0-100ºC 16BAR EN Y DOBLE MALLA P/AGUA,ART-72f1d2d4d2,1,2025-11
tuerca union de laton de 1 pulgada macho hembra,TUERCA UNION 1 LATON MH,ART-71aeb1f12c,1,2025-11
tubo de multicapa de 32 blanco,ML TUBO 32*3 MULTICAPA BARRA,ART-67306ba9a2,1,2025-11
codo de multicapa prensado diametro 32,CODO 32 MULTICAPA,ART-d94cce002a,1,2025-11
manguito mixto de 32 a 1 pulgada multicapa prensado macho,MANGUITO MIXTO 32-1 MULTICAPA M,ART-e08cfea081,1,2025-11
te de 32 de multicapa prensado,TE 32 MULTICAPA,ART-e499957539,1,2025-11
manguito de 32 multicapa prensado,MANGUITO 32 MULTICAPA,ART-2a0ac903a4,1,2025-11
manguito mixto de 32 a 1 pulgada hembra multicapa prensado,MANGUITO MIXTO 32-1 MULTICAPA H,ART-94cd2a21d5,1,2025-11
rosca doble reducida de 1 14 a 1 pulgada de laton,ROSCA DOBLE RED 11/4-1 LATON,ART-c4c97c2fe2,1,2025-11
rosca doble reducida de 2 pulgadas a 1 pulgada de laton,ROSCA DOBLE RED 2-1 LATON,ART-e07a824f33,1,2025-11
tronque de polietileno de 32 a 1 pulgada hembra,MANGUITO MIXTO 32-1 POLIETILENO H,ART-3ee180ef01,1,2025-11
codo de 1 pulgada laton hembra hembra,CODO 1 LATON HH,ART-ff6f657b65,1,2025-11
codo de laton de 1 pulgada macho hembra,CODO 1 LATON MH,ART-77cbc2e4bf,1,2025-11
tornillo tirafondo metrica 8 por 50,TORNILLO TIRAFONDO M8*50 DOBLE ROSCA PARA ABRAZADERA FUERTE,ART-a9c7f481df,1,2025-11
manual alimentador 114 sin boya flotador clas,ALIMENTADOR 11/4 SIN BOYA -FLOTADOR CLASICO- VARILLA PLANA,ART-8fc5024922,1,2025-11
manual boya 114 plastico plana p varilla desl,BOYA 11/4 PLASTICO PLANA P/ VARILLA DESLIZANTE,ART-1c2f2b1742,1,2025-11
manual rosca doble red 1121 laton,ROSCA DOBLE RED 11/2-1 LATON,ART-da0ddeaee0,1,2025-11
broca de diametro 4 de hierro,BROCA 4 HIERRO,ART-968b716eb5,1,2025-11
remache de diametro 4 por 16,CAJA REMACHE 4*16 ALUMINIO (500uds),ART-11b6640929,1,2025-11
tornillo de metrica 20x150,TORNILLO HEXAGONAL M20*150 ZINC 8.8 DIN 931,ART-5f4145801e,1,2025-11
tuerca de metrica 20,TUERCA M20 ZINCADO DIN 934,ART-d27b6283d6,1,2025-11
chapa base de 150x150 de hierro,CHAPA BASE 150*150*8 HIERRO C/ 4 AGUJEROS Ø15 ref: 567024,ART-a8b194682b,1,2025-11
angulo de hierro de 100x50,"ML ANGULO 100*50*6 HIERRO (4,5KG/M)",ART-3bcd13ca55,1,2025-11
tornillo cincado de metrica 12x60,TORNILLO HEXAGONAL M12*60 ZINC 6.8 DIN933,ART-49b86e9524,1,2025-11
arandela cincada de metrica 12 ancha,ARANDELA M16 ZINCADO DIN125,ART-bef50e2d61,1,2025-11
tuerca de metrica 12 cincada,TUERCA M12 ZINCADO DIN 934,ART-c67493f46e,1,2025-11
tuerca de metrica 12 cincada autoblocante,TUERCA AUTOBLOCANTE M12 ZINCADO DIN 934,ART-f281cefab4,1,2025-11
rabo de cerdo de un cuarto de hierro,RABO DE CERDO 1/4 INOX316L VAPOR DILATADOR LIRA,ART-6a7c5d8035,1,2025-11
junta epdm dn40,JUNTA DN40 Ø41 EPDM RIGIDAS CON LENGÜETA,ART-1485385b44,1,2025-11
rollo de cinta dharmaflex,ROLLO 15M CINTA 50MM AUTOADHESIVA COQUILLA CAUCHO,ART-1a140d91ec,1,2025-11
aluminio de 3 pulgadas en 40 recubrimiento acabado,"ML RECUBRIMIENTO ACABADO 89 40MM 0,6 ALUMINIO",ART-ee93d16955,1,2025-11
vaso de expansion de 200 litros para calefaccion,VASO EXPANSION 200L 11/4 10BAR CALEFACCION C/ PATAS,ART-beb8042f6d,1,2025-11
tubo de 35 de inospres,ML TUBO 35*1.5MM INOX PRENSAR 316L,ART-a9cb3229f6,1,2025-11
codo 45 grados hembra 35 inospres,CODO 35 INOX PRENSAR 45 H,ART-28d8713185,1,2025-11
enlace tuerca loca 35 una y cuarto inospres,ENLACE TUERCA LOCA 35-11/4 INOX PRENSAR,ART-30f5c5b4b0,1,2025-11
manguito forjado de una pulgada y cuarto,MANGUITO 11/4 FORJADO,ART-eb255e2472,1,2025-11
valvula de mariposa macho hembra una pulgada y cuarto,VALVULA BOLA 11/4 LATON MH PN30 MARIPOSA,ART-60cbd3f4f6,1,2025-11
en tronque macho una y cuarto 35 manguito misto inospres,MANGUITO MIXTO 35-11/4 INOX PRENSAR M,ART-6464b13b9f,1,2025-11
tubo inox 3 pulgadas 316,"ML TUBO 88,9 (3) INOX316L ISO 2MM",ART-a71078cc2a,1,2025-11
manual recubrimiento acabado curva 89 40mm 90o,"RECUBRIMIENTO ACABADO CURVA 89 40MM 90º 0,6 ALUMINIO p/fibra",ART-b12664c32c,1,2025-11
manual recubrimiento acabado injerto 89 40mm 0,"RECUBRIMIENTO ACABADO INJERTO 89 40MM 0,6 ALUMINIO",ART-0b59548460,1,2025-11
manual ml coquilla 893 caucho 40mm,ML COQUILLA 89-3 CAUCHO 40MM,ART-cdc17f5812,1,2025-11
manual codo 35 inox prensar 90 h,CODO 35 INOX PRENSAR 90 H,ART-97a1a89538,1,2025-11
tubo de inoxpress de 28,ML TUBO 28*1.2MM INOX PRENSAR 316L,ART-898b85b74c,1,2025-11
abrazadera isofonica de 18,ABRAZADERA ISOFONICA 18 3/8 REFORZADA M8/10,ART-28478359e9,1,2025-11
manguito mixto macho inoxpress 3 cuartos 28,MANGUITO MIXTO 28-3/4 INOX PRENSAR M,ART-17f81247de,1,2025-11
manguito inoxpress de 28,MANGUITO 28 INOX PRENSAR H,ART-5201baf91d,1,2025-11
anclaje para abrazadera gusano tirafondo,TORNILLO TIRAFONDO M8*40 DOBLE ROSCA PARA ABRAZADERA,ART-8c5d80b3f3,1,2025-11
codo inoxpress de 18 90 grados hembra,CODO 18 INOX PRENSAR 90 H,ART-cd2373cc00,1,2025-11
manual valvula bola 2 laton h pn30 palanca,VALVULA BOLA 2 LATON H PN30 PALANCA,ART-6135db5d28,1,2025-11
arandela de metrica 20 inox,ARANDELA M20 INOX DIN125,ART-4b6a7a4b71,1,2025-11
chapa de 150x150 de hierro,CHAPA BASE 150*150*8 HIERRO C/ 4 AGUJEROS Ø15 ref: 567024,ART-a8b194682b,1,2025-11
balon de inoxidable de dn200 pn16 12 agujeros,BRIDA DN200 ACERO LOCA P/ Ø200 PN16 (12 AGUJEROS),ART-a05fafbc6a,1,2025-11
tuerca cincada de metrica 20,TUERCA M20 ZINCADO DIN 934,ART-d27b6283d6,1,2025-11
arandela cincada de metrica 20,ARANDELA M20 ZINCADO DIN125,ART-31a2a210f8,1,2025-11
manual tornillo hexagonal m2070 zinc 68 din 9,TORNILLO HEXAGONAL M20*70 ZINC 6.8 DIN 931,ART-2ee6bf9362,1,2025-11
manual tornillo hexagonal m2045 zinc 68 din 9,TORNILLO HEXAGONAL M20*45 ZINC 6.8 DIN 931,ART-206ad5448e,1,2025-11
varilla roscada cincada de metrica 16,VARILLA ROSCADA M16 ZINCADO DIN 975,ART-0183492e51,1,2025-11
arandela cincada de metrica 16,ARANDELA M16 ZINCADO DIN125,ART-bef50e2d61,1,2025-11
tuerca cincada de metrica 16,TUERCA M16 ZINCADO DIN 934,ART-2a38d1db2e,1,2025-11
tornillo cincado hexagonal de metrica 20x70,TORNILLO HEXAGONAL M20*70 ZINC 6.8 DIN 931,ART-2ee6bf9362,1,2025-11
placa de hierro de 150x150,CHAPA BASE 150*150*8 HIERRO C/ 4 AGUJEROS Ø15 ref: 567024,ART-a8b194682b,1,2025-11
upn de 100 de hierro,"ML UPN 100 HIERRO (10,87KG/M)",ART-6e4008cdd0,2,2025-11
angulo de 100x50 de hierro,"ML ANGULO 100*50*6 HIERRO (4,5KG/M)",ART-3bcd13ca55,1,2025-11
vida de n100 de hierro,BRIDA DN100 HIERRO PLANA PN16 DIN2576,ART-247ea28207,1,2025-11
manguera,ML MANGUERA 19-32,ART-e5c76fae41,3,2025-11
centralizador de 500x50,CENTRALIZADOR 600X40X50,ART-c27c5af9c1,1,2025-11
tornillo rosca chapa de 6x35,"TORNILLO GOLOSO 6,3*32 CABEZA HEXAGONAL AUTOTALADRANTE",ART-4eb5d07f2d,1,2025-11
tornillo de metrica 8x40,TORNILLO CARRIL STRUT M8X40,ART-b5a5a14959,1,2025-11
tuerca de metrica 8,TUERCA C/MUELLE M8,ART-4aced4451a,1,2025-11
arandela de metrica 8 ancha zincada,ARANDELA M24 ZINCADO,ART-96198b682e,1,2025-11
tubo de 35 inoxpress,ML TUBO 35*1.5MM INOX PRENSAR 316L,ART-a9cb3229f6,2,2025-11
codo de 35 inoxpress de 90o,CODO 22 INOX PRENSAR 90 H,ART-79e014a3a4,1,2025-11
codo de diametro 35 inoxpress de 90o macho hembra,CODO 35 INOX PRENSAR 90 MH,ART-928967fc62,1,2025-11
manual ml tubo 8mm poliuretano azul flexible 70,ML TUBO 8MM POLIURETANO AZUL FLEXIBLE 70ºC 12BAR (100mts) LEGRIS,ART-7f41cd233e,2,2025-11
pletina de 50x4 de hierro,"ML PLETINA 50*4 HIERRO (1,65KG/M)",ART-45f9ab5e0d,1,2025-11
pintura blanca,"BOTE 0,75LT PINTURA BLANCO PURO RAL 9010 ESMALTE BRILLANTE",ART-7615cf5958,1,2025-11
espiral ingersoll rand de 3 metros,ESPIRAL INGERSOLL RAND DE 3 MTS DE 6 MM DE DIAMETRO,ART-c88590a9c2,1,2025-11
equilibrador 36 kg para herramienta,EQUILIBRADOR 3-6KG P/HERRAMIENTA,ART-bc7203bf0a,1,2025-11
placa perforada de 200x200 chapa base,CHAPA BASE 200*200*10 HIERRO C/ 4 AGUJEROS Ø19 ref: 567026,ART-b6f06933c1,1,2025-11
espirro de 12x110 anclaje macho,ANCLAJE MACHO M12*110 HORMIGON,ART-ac781afed7,1,2025-11
bote de sicaflex polimero gris,POLIMERO GRIS 310 ML PQ,ART-c46a4d10ec,1,2025-11
litro de pintura blanca de 075,"BOTE 0,75LT PINTURA BLANCO PURO RAL 9010 ESMALTE BRILLANTE",ART-7615cf5958,1,2025-11
brocha de 18,BROCHA Nº18,ART-f080b05c8b,1,2025-11
rodillo naranja recambio sencillo,RECAMBIO MINII-RODILLO 10CM SENCILLO PINTAR VELOUREX NARANJA PENTRILO,ART-2aa4e2b786,1,2025-11
perfil de 30x30x15 cuadradillo hierro,"ML CUADRADILLO 30*30*1.5 HIERRO (1,39kg/m)",ART-5ad7b92686,1,2025-11
pletina de 50x4 hierro,"ML PLETINA 50*4 HIERRO (1,65KG/M)",ART-45f9ab5e0d,1,2025-11
perfil de 50x50x2 cuadradillo hierro,"ML CUADRADILLO 50*50*2 HIERRO (3,13kg/m)",ART-6aa30e8db0,1,2025-11
tubo de 22 inoxprez,ML TUBO 22*1.2MM INOX PRENSAR 316L,ART-1c47b7802f,1,2025-11
tornillo de metrica 8x40 inox,TORNILLO HEXAGONAL M8*40 INOX A2 DIN 933,ART-344211aa6a,1,2025-11
tuerca remachable metrica 8,REMACHE M8 PARA REMACHADORA DE METRICA,ART-174c03395e,1,2025-11
manual abrazadera reforzada 22 12 inox m810,ABRAZADERA REFORZADA 22 1/2 INOX M8/10,ART-b24b0d5f2e,1,2025-11
brida de aluminio loca pn10 de dn200 para 219,"BRIDA DN200 ALUMINIO Ø219,1 PN10 DIN-2642",ART-bd81940f45,1,2025-11
manual codo 2191 8 inox304 iso,"CODO 219,1 (8) INOX304 ISO",ART-27c2a4e64c,1,2025-11
manual valona 2191 8 inox304l iso,"VALONA 219,1 (8) INOX304L ISO",ART-fc4b1b2b71,1,2025-11
rosca doble de inox de media,ROSCA DOBLE 1/2 INOX ROSCAR,ART-9b06148af1,1,2025-11
rosca doble de inox de 2 pulgadas,ROSCA DOBLE 2 INOX ROSCAR,ART-2a9562a49f,1,2025-11
tornillo hexagonal de metrica 6 x 40 cincado,TORNILLO HEXAGONAL M6*40 ZINC 6.8 DIN933,ART-2ca080865a,1,2025-11
arandela de metrica 6 cincada,ARANDELA M6 ZINCADO DIN125,ART-4a3a67b6ba,1,2025-11
tuerca autoblocante de metrica 6 cincada,TUERCA AUTOBLOCANTE M6 ZINCADO DIN 934,ART-b425aa7ee3,1,2025-11
tornillo hexagonal de metrica 10 x 70 cincado,TORNILLO HEXAGONAL M10*70 ZINC 6.8 DIN933,ART-cc04b4b078,1,2025-11
tuerca autoblocante de metrica 10 cincada,TUERCA AUTOBLOCANTE M10 ZINCADO DIN 934,ART-8b8a3ec05f,1,2025-11
arandela de metrica 10 cincada,ARANDELA M10 ZINCADO DIN125,ART-24bd791bce,1,2025-11
mordaza de perrillo de sirga de diametro 4,MORDAZA PARA SIRGA Ø4 GALVA,ART-76b135f6f0,1,2025-11
manual arandela 36 zincada 25 c goma integr,ARANDELA Ø3-6 ZINCADA Ø25 C/ GOMA INTEGRADA (habitual),ART-1f6c6208fd,1,2025-11
tubo de 22 de innospress,ML TUBO 22*1.2MM INOX PRENSAR 316L,ART-1c47b7802f,1,2025-11
coquilla de 35 en 25 de caucho,ML COQUILLA 35-1 CAUCHO 25MM,ART-ab2db3097c,1,2025-11
latiguillo 35 centimetros de media macho hembra,LATIGUILLO 35CM 1/2 MH Ø13 16BAR INOX,ART-989723b71b,1,2025-11
tubo de 32 pvc gris,ML TUBO 32 PVC GRIS SERIE B (en tramos de 5mts),ART-a7584f4357,1,2025-11
manguito mixto de 32 a 1 pulgada hembra pvc presion,MANGUITO MIXTO 32-1 PVC PRESION H,ART-4c9ff2ee48,1,2025-11
manguito mixto 32 a 1 pulgada macho pvc presion,MANGUITO MIXTO 32-1 PVC PRESION M,ART-bfd3b8b451,1,2025-11
codo de 32 67 grados pvc gris,CODO 32 PVC GRIS 67º HH,ART-63a88ad3c8,1,2025-11
manguito de 32 pvc blanco con racor,MANGUITO 32 PVC BLANCO,ART-4ced9eb9dc,1,2025-11
manual junta goma ancha arandela racord 2030x1,JUNTA GOMA ANCHA ARANDELA RACORD 20/30X1 NEGRA,ART-93747cdd6e,1,2025-11
coquilla de caucho de diametro 28 espesor 25 milimetros,ML COQUILLA 28-3/4 CAUCHO 25MM,ART-8fef88deb9,1,2025-11
tubo inoxpress de 18,ML TUBO 18*1MM INOX PRENSAR 316L,ART-6c93b70200,1,2025-11
mamelon de 2 pulgadas a una de inoxroscar,MAMELON 2-1 INOX ROSCAR MH,ART-b279dab062,1,2025-11
codo mixto de inoxpress de 18 a media hembra,CODO MIXTO 18-1/2 INOX PRENSAR 90 H,ART-9fd22679c6,1,2025-11
manguito mixto de 54 a 2 pulgadas macho,MANGUITO MIXTO 54-2 INOX PRENSAR M,ART-4785f8a5ed,1,2025-11
manguito inoxpress de 54,MANGUITO 54 INOX PRENSAR H,ART-b6704c3073,1,2025-11
tubo de inoxpress de 54,ML TUBO 54*1.5MM INOX PRENSAR 316L,ART-1641c25cbb,1,2025-11
te mixta inoxpress 54 a media 54,TE MIXTA 54-1/2 INOX PRENSAR H,ART-17f3e10465,1,2025-11
manual codo 54 inox prensar 90 h,CODO 54 INOX PRENSAR 90 H,ART-5ca5bb0828,1,2025-11
manual codo 54 inox prensar 90 mh,CODO 54 INOX PRENSAR 90 MH,ART-f5e50e13c6,1,2025-11
